rollout/episodes,time/fps,time/time_elapsed,time/iterations,time/total_timesteps,rollout/success_rate,rollout/win_rate_true_start,train/loss,rollout/ep_rew_mean,train/policy_gradient_loss,rollout/fill_mean_true_start,train/approx_kl,train/explained_variance,rollout/ep_len_mean,train/n_updates,train/clip_fraction,train/entropy_loss,train/value_loss,train/clip_range,train/learning_rate,rollout/fill_mean,eval/mean_ep_length,eval/mean_reward,eval/success_rate
0,45661,0,1,32768,,,,,,,,,,,,,,,,,,,
31,35819,1,2,65536,0.16129032258064516,0.16129032258064516,0.23277747631072998,11.911643028259277,-0.008566970034735277,0.7620967741935484,0.004810356,-0.03566265106201172,57.096774193548384,4,0.010711669921875,-1.2298358120024204,0.5979721359908581,0.19975424,0.000299524864,0.7620967741935484,,,
415,36878,2,3,98304,0.26,0.18795180722891566,0.45950454473495483,14.137718200683594,-0.013545368710765615,0.7698795180722892,0.007578239,0.00044357776641845703,93.28,8,0.03741455078125,-1.0294457376003265,1.1352765168994665,0.19950848000000002,0.000299049728,0.7698795180722892,,,
530,37646,3,4,131072,0.29,0.3113207547169811,1.5638577938079834,14.97082805633545,-0.009397035952133592,0.8670990566037736,0.007983848,-0.010300517082214355,100.17,12,0.0386962890625,-0.8733833450824022,3.8000862449407578,0.19926272,0.000298574592,0.8670990566037736,,,
541,38168,4,5,163840,0.28,0.2754158964879852,2.5433754920959473,14.557365417480469,-0.00642986213642871,0.8532809611829945,0.0055985437,0.01193612813949585,63.63,16,0.02204132080078125,-0.8762693498283625,5.563364624977112,0.19901696,0.000298099456,0.8532809611829945,,,
687,38024,5,6,196608,0.36,0.3158660844250364,2.7194342613220215,15.785065650939941,-0.007308650980121456,0.8675400291120815,0.0067392113,-0.032355427742004395,55.93,20,0.03081512451171875,-0.8029775209724903,6.025953993201256,0.1987712,0.00029762432,0.8675400291120815,,,
760,38204,6,7,229376,0.27,0.31973684210526315,3.2291996479034424,15.055686950683594,-0.004971759670297615,0.8715460526315789,0.00503587,0.04522436857223511,45.31,24,0.0286407470703125,-0.734210042282939,6.961745768785477,0.19852544,0.000297149184,0.8715460526315789,,,
841,38293,6,8,262144,0.42,0.36741973840665876,3.399820566177368,16.8903751373291,-0.0038853988371556625,0.8890457788347206,0.0049001984,0.15203368663787842,40.62,28,0.0221710205078125,-0.6744858454912901,7.3286256194114685,0.19827968,0.000296674048,0.8890457788347206,,,
833,38283,7,9,294912,0.35,0.3673469387755102,3.6983540058135986,16.201026916503906,-0.0024056224719970487,0.8892557022809123,0.0029262304,0.24307888746261597,39.97,32,0.01369476318359375,-0.6242370083928108,7.757208898663521,0.19803392,0.000296198912,0.8892557022809123,,,
884,38343,8,10,327680,0.41,0.3925339366515837,3.885878324508667,16.793867111206055,-0.0026652936649043113,0.8938065610859729,0.0046263756,0.3078954815864563,37.13,36,0.0243988037109375,-0.5903612859547138,7.630403235554695,0.19778816000000002,0.00029572377599999995,0.8938065610859729,,,
930,38252,9,11,360448,0.32,0.3763440860215054,4.051533222198486,15.656316757202148,-0.0021344052875065245,0.8943548387096775,0.0037867248,0.3115367889404297,34.68,40,0.016571044921875,-0.5541534852236509,8.026725679636002,0.1975424,0.00029524864,0.8943548387096775,,,
938,38266,10,12,393216,0.45,0.4136460554371002,4.171713829040527,17.25627899169922,-0.00221247360605048,0.9007196162046909,0.004817992,0.34897440671920776,34.72,44,0.026824951171875,-0.5236796662211418,8.270176470279694,0.19729664000000002,0.00029477350399999996,0.9007196162046909,,,
930,38183,11,13,425984,0.49,0.44623655913978494,4.050101280212402,18.10654640197754,-0.0019760063078138046,0.9095430107526882,0.0026390648,0.3522754907608032,34.45,48,0.0146331787109375,-0.5017647920176387,8.443191528320312,0.19705088,0.00029429836799999996,0.9095430107526882,,,
954,38426,11,14,458752,0.57,0.4528301886792453,4.052290439605713,19.117015838623047,-0.0013792869794997387,0.9128668763102725,0.0024406258,0.3471689820289612,33.98,52,0.01282501220703125,-0.47773346211761236,8.437362909317017,0.19680512000000003,0.00029382323199999996,0.9128668763102725,,,
958,38503,12,15,491520,0.37,0.430062630480167,4.180209159851074,16.386625289916992,-0.0017894454940687865,0.9049451983298539,0.0024096556,0.3549794554710388,34.37,56,0.015960693359375,-0.4669498186558485,8.597172915935516,0.19655936000000002,0.00029334809599999997,0.9049451983298539,,,
949,38708,13,16,524288,0.44,0.47523709167544786,4.315228462219238,17.33610725402832,-0.0017402423836756498,0.9124077976817703,0.0022298994,0.3669421672821045,34.89,60,0.0131683349609375,-0.45841537695378065,8.841300934553146,0.1963136,0.00029287295999999997,0.9124077976817703,,,
939,38745,14,17,557056,0.54,0.483493077742279,4.304927349090576,18.636085510253906,-0.001648114797717426,0.9197949946751863,0.0051501766,0.3481658697128296,34.91,64,0.03183746337890625,-0.4434338714927435,8.826599270105362,0.19606784000000002,0.00029239782399999997,0.9197949946751863,,,
938,38950,15,18,589824,0.51,0.4957356076759062,4.300045967102051,18.296796798706055,-0.0013423153468465898,0.9192430703624733,0.0026429887,0.3695957660675049,34.2,68,0.01689910888671875,-0.4308061767369509,8.550980925559998,0.19582208,0.000291922688,0.9192430703624733,,,
970,39012,15,19,622592,0.45,0.5010309278350515,4.134119033813477,17.507097244262695,-0.0009863849791145185,0.9189432989690721,0.0039662523,0.3742519021034241,33.9,72,0.0281524658203125,-0.42227562703192234,8.355227783322334,0.19557632,0.000291447552,0.9189432989690721,,,
,,,,655360,,,4.358073711395264,,-0.0016925573290791363,,0.0035148181,0.37061071395874023,,76,0.0276641845703125,-0.416458030231297,8.753011971712112,0.19533056000000001,0.000290972416,,30.28,19.590707778930664,0.61
939,38010,17,20,655360,0.48,0.5069222577209798,,18.045085906982422,,0.9237886048988285,,,35.91,,,,,,,0.9237886048988285,,,
927,38119,18,21,688128,0.53,0.5307443365695793,4.207094192504883,18.686216354370117,-0.0011427208228269592,0.924217907227616,0.0028411616,0.373610258102417,34.78,80,0.02245330810546875,-0.40833629481494427,8.548545867204666,0.1950848,0.00029049728,0.924217907227616,,,
929,38236,18,22,720896,0.56,0.5435952637244349,4.146816253662109,18.94562530517578,-0.0010945646063191816,0.9305032292787944,0.0022562146,0.3619590401649475,35.37,84,0.01743316650390625,-0.4026201041415334,8.319101840257645,0.19483904000000002,0.000290022144,0.9305032292787944,,,
920,38323,19,23,753664,0.56,0.5597826086956522,4.032132148742676,19.015336990356445,-0.001577753784658853,0.9320652173913043,0.0036392268,0.36575621366500854,35.66,88,0.0291748046875,-0.39059976674616337,8.222590178251266,0.19459328,0.000289547008,0.9320652173913043,,,
933,38416,20,24,786432,0.54,0.5734190782422294,3.8220410346984863,18.815866470336914,-0.0012093187178834341,0.9363612004287245,0.0019858824,0.36918431520462036,35.13,92,0.0115814208984375,-0.38603874389082193,8.086500406265259,0.19434752,0.00028907187199999994,0.9363612004287245,,,
911,38485,21,25,819200,0.64,0.5828759604829857,3.9354007244110107,20.205516815185547,-0.0011422129609854892,0.9353046103183315,0.002678633,0.36814987659454346,35.48,96,0.0167236328125,-0.3800188470631838,8.024185463786125,0.19410176,0.000288596736,0.9353046103183315,,,
894,38498,22,26,851968,0.67,0.6152125279642058,3.9459612369537354,20.604917526245117,-0.001415318576619029,0.9448406040268457,0.0043354672,0.36245018243789673,36.08,100,0.0304107666015625,-0.37225583102554083,7.894898846745491,0.193856,0.0002881216,0.9448406040268457,,,
887,38534,22,27,884736,0.61,0.636978579481398,3.635314464569092,19.72520637512207,-0.0014852186177449767,0.9458850056369785,0.0034301118,0.3620661497116089,35.79,104,0.02657318115234375,-0.36051630042493343,7.48224376142025,0.19361024000000002,0.00028764646399999995,0.9458850056369785,,,
910,38499,23,28,917504,0.55,0.6516483516483517,3.7977824211120605,18.844697952270508,-0.0008207829741877504,0.9471840659340659,0.0038969857,0.3579699993133545,36.3,108,0.03391265869140625,-0.35304344166070223,7.244350403547287,0.19336448,0.000287171328,0.9471840659340659,,,
897,38551,24,29,950272,0.67,0.6432552954292085,3.7631497383117676,20.6636962890625,-0.0012093055338482372,0.9482302118171684,0.0032493595,0.33660900592803955,37.3,112,0.02613067626953125,-0.3430011821910739,7.351883441209793,0.19311872000000002,0.00028669619199999996,0.9482302118171684,,,
876,38571,25,30,983040,0.67,0.6666666666666666,3.659280776977539,20.515365600585938,-0.0003088601806666702,0.9514126712328768,0.0044430164,0.3538389801979065,35.63,116,0.0384368896484375,-0.33364508487284184,7.344896644353867,0.19287296,0.00028622105599999996,0.9514126712328768,,,
889,38596,26,31,1015808,0.68,0.6771653543307087,3.4369637966156006,20.612947463989258,-0.0009468141397519503,0.9538104611923509,0.002789912,0.3699905276298523,38.05,120,0.019989013671875,-0.3309768782928586,6.8689646273851395,0.19262720000000003,0.00028574591999999997,0.9538104611923509,,,
895,38650,27,32,1048576,0.69,0.6837988826815642,3.5829946994781494,20.864656448364258,-0.0010657137281668838,0.9536312849162011,0.0040924493,0.376298189163208,36.34,124,0.0373077392578125,-0.32589751575142145,6.763969495892525,0.19238144000000001,0.00028527078399999997,0.9536312849162011,,,
900,38782,27,33,1081344,0.63,0.6566666666666666,3.458064556121826,20.015657424926758,-0.0017415001238987315,0.9509027777777778,0.002892032,0.39116430282592773,35.34,128,0.0247802734375,-0.3186475355178118,6.862279370427132,0.19213568000000003,0.00028479564799999997,0.9509027777777778,,,
881,38758,28,34,1114112,0.62,0.6617480136208853,3.750800132751465,19.955005645751953,-0.0011672014916257467,0.9494892167990919,0.0037570177,0.4060433506965637,35.99,132,0.03083038330078125,-0.31583707593381405,7.094388529658318,0.19188992000000002,0.000284320512,0.9494892167990919,,,
876,38805,29,35,1146880,0.66,0.658675799086758,3.5613040924072266,20.453125,-0.0007173349367803894,0.9516980593607306,0.0034773718,0.41235750913619995,37.87,136,0.02584075927734375,-0.31108795292675495,6.938210308551788,0.19164416,0.000283845376,0.9516980593607306,,,
871,38815,30,36,1179648,0.8,0.6991963260619977,3.3915464878082275,22.34402847290039,-0.0010147701250389218,0.9565154994259472,0.00491336,0.41011905670166016,36.97,140,0.03924560546875,-0.3141857059672475,6.797974199056625,0.19139840000000002,0.00028337024,0.9565154994259472,,,
884,38889,31,37,1212416,0.67,0.7262443438914027,3.0571365356445312,20.57491683959961,-0.001199339734739624,0.9640130090497737,0.0029158513,0.3805564045906067,36.08,144,0.02614593505859375,-0.3058918993920088,6.31755793094635,0.19115264,0.000282895104,0.9640130090497737,,,
908,38929,31,38,1245184,0.7,0.7004405286343612,2.928351402282715,20.893007278442383,-0.001074389336281456,0.9572549559471366,0.002674668,0.396853506565094,37.99,148,0.0294952392578125,-0.300388147123158,6.012866497039795,0.19090688,0.000282419968,0.9572549559471366,,,
879,38935,32,39,1277952,0.67,0.7098976109215017,3.129939079284668,20.56463623046875,-0.0014469451489276253,0.9573378839590444,0.0026070653,0.39464759826660156,36.36,152,0.01821136474609375,-0.30187614168971777,6.849661782383919,0.19066112000000002,0.000281944832,0.9573378839590444,,,
,,,,1310720,,,3.0734217166900635,,-0.0012953759178344626,,0.004820576,0.41345465183258057,,156,0.0422515869140625,-0.2975606815889478,6.27191923558712,0.19041536,0.000281469696,,39.86,20.971019744873047,0.74
904,38434,34,40,1310720,0.74,0.7345132743362832,,21.4741153717041,,0.9608683628318584,,,36.88,,,,,,,0.9608683628318584,,,
889,38449,34,41,1343488,0.73,0.7165354330708661,3.2197749614715576,21.385149002075195,-0.0012325478892307729,0.9602080989876266,0.0027009302,0.4075276851654053,35.85,160,0.02657318115234375,-0.29459486808627844,6.245612695813179,0.1901696,0.00028099455999999994,0.9602080989876266,,,
881,38472,35,42,1376256,0.74,0.7366628830874007,3.1761674880981445,21.494548797607422,-0.0009424904637853615,0.9641032917139614,0.0035193092,0.41164225339889526,36.45,164,0.03775787353515625,-0.28596549667418003,6.183963626623154,0.18992384,0.000280519424,0.9641032917139614,,,
900,38514,36,43,1409024,0.69,0.7277777777777777,3.013648748397827,20.814237594604492,-0.0012241954500495922,0.9635416666666666,0.0034152574,0.41904890537261963,36.76,168,0.02838897705078125,-0.2852821769192815,5.921087220311165,0.18967808,0.00028004428799999995,0.9635416666666666,,,
878,38552,37,44,1441792,0.71,0.7574031890660592,3.2570204734802246,21.194564819335938,-0.0015376367009594105,0.9676110478359908,0.003383538,0.41909801959991455,36.43,172,0.03314971923828125,-0.27928800228983164,6.1583516746759415,0.18943232000000002,0.00027956915199999995,0.9676110478359908,,,
883,38493,38,45,1474560,0.82,0.7655719139297849,2.7463176250457764,22.643299102783203,-0.0011275612851022743,0.9670158550396376,0.0029644873,0.4328095316886902,37.7,176,0.0211334228515625,-0.2756776884198189,5.735975548624992,0.18918656,0.00027909401599999996,0.9670158550396376,,,
876,38547,39,46,1507328,0.76,0.7579908675799086,2.61204195022583,21.743396759033203,-0.001607162306754617,0.9654680365296804,0.004362751,0.4353327751159668,37.6,180,0.0410614013671875,-0.2723846472799778,5.515950188040733,0.18894080000000002,0.00027861887999999996,0.9654680365296804,,,
906,38587,39,47,1540096,0.82,0.7902869757174393,2.6432204246520996,22.544584274291992,-0.0014056438521947712,0.9737858719646799,0.004230532,0.4433520436286926,36.41,184,0.04053497314453125,-0.27037097979336977,5.403118312358856,0.18869504,0.00027814374399999996,0.9737858719646799,,,
906,38637,40,48,1572864,0.82,0.782560706401766,2.3267953395843506,22.62427520751953,-0.0008841381004458526,0.9704056291390728,0.0037378946,0.46307867765426636,36.72,188,0.03086090087890625,-0.26627182960510254,4.993215456604958,0.18844928000000002,0.00027766860799999997,0.9704056291390728,,,
897,38676,41,49,1605632,0.73,0.7837235228539576,2.5619657039642334,21.43419647216797,-0.0013565257031586953,0.9709448160535117,0.003768263,0.4733274579048157,36.8,192,0.03632354736328125,-0.26194475404918194,5.1715677082538605,0.18820352,0.00027719347199999997,0.9709448160535117,,,
893,38651,42,50,1638400,0.77,0.7816349384098544,2.5218353271484375,21.91616439819336,-0.0009859572601271793,0.9711646136618141,0.0038074616,0.48477989435195923,34.83,196,0.03876495361328125,-0.25696419086307287,5.210855394601822,0.18795776000000003,0.000276718336,0.9711646136618141,,,
929,38677,43,51,1671168,0.76,0.7739504843918191,2.4837124347686768,21.79550552368164,-0.0016150561023096088,0.9694564047362756,0.004122612,0.501815676689148,35.49,200,0.04206085205078125,-0.25057146046310663,4.9537340104579926,0.18771200000000002,0.0002762432,0.9694564047362756,,,
890,38715,44,52,1703936,0.85,0.8202247191011236,2.4897196292877197,22.993478775024414,-0.0008682631014380604,0.9768960674157303,0.003647431,0.49836188554763794,37.52,204,0.0380706787109375,-0.253526761662215,5.460400283336639,0.18746624,0.000275768064,0.9768960674157303,,,
907,38717,44,53,1736704,0.78,0.7872105843439912,2.242947816848755,22.024738311767578,-0.0011871175229316577,0.9722298787210585,0.0038460637,0.5164175033569336,36.26,208,0.03350830078125,-0.2488378589041531,4.419212758541107,0.18722048000000002,0.000275292928,0.9722298787210585,,,
914,38687,45,54,1769472,0.86,0.8347921225382933,2.7676501274108887,23.194005966186523,-0.0018066139946313342,0.9768189277899344,0.0033960163,0.491698682308197,36.99,212,0.03537750244140625,-0.2477639284916222,5.150171369314194,0.18697472,0.000274817792,0.9768189277899344,,,
897,38709,46,55,1802240,0.78,0.7892976588628763,2.307576894760132,22.124597549438477,-0.0011931445078516845,0.9703874024526199,0.002122966,0.4974740147590637,36.4,216,0.02013397216796875,-0.24359173513948917,4.294234432280064,0.18672896,0.000274342656,0.9703874024526199,,,
907,38695,47,56,1835008,0.79,0.7916207276736494,2.422961473464966,22.15509796142578,-0.0014841539014014415,0.9691289966923925,0.0036412822,0.4826548099517822,35.9,220,0.02878570556640625,-0.2437429716810584,5.130964517593384,0.18648320000000002,0.00027386752,0.9691289966923925,,,
905,38718,48,57,1867776,0.8,0.8022099447513812,2.8384358882904053,22.344743728637695,-0.0010957276535918936,0.975207182320442,0.0034717536,0.4831807613372803,36.25,224,0.0384674072265625,-0.23795920610427856,5.212329879403114,0.18623744,0.000273392384,0.975207182320442,,,
900,38747,49,58,1900544,0.85,0.82,2.30440616607666,22.975059509277344,-0.001408108597388491,0.9763888888888889,0.0040587503,0.5011005997657776,35.94,228,0.0390167236328125,-0.23886600090190768,4.8103510439395905,0.18599168,0.00027291724799999995,0.9763888888888889,,,
918,38766,49,59,1933312,0.74,0.8050108932461874,2.3568944931030273,21.554784774780273,-0.0007505189932999201,0.9749455337690632,0.0037678173,0.5151748657226562,36.21,232,0.03282928466796875,-0.23607079731300473,4.46092788875103,0.18574592,0.000272442112,0.9749455337690632,,,
,,,,1966080,,,2.720349073410034,,-0.0008546931894670706,,0.0058584297,0.5008620023727417,,236,0.04961395263671875,-0.23521004524081945,4.883289664983749,0.18550016,0.00027196697599999995,,34.86,23.636125564575195,0.9
898,38450,51,60,1966080,0.77,0.7739420935412027,,21.865436553955078,,0.96875,,,35.56,,,,,,,0.96875,,,
911,38454,51,61,1998848,0.8,0.8166849615806806,2.7341134548187256,22.205076217651367,-0.0014412062810151838,0.9742041712403952,0.004870539,0.4966409206390381,35.92,240,0.0392303466796875,-0.2333234203979373,5.346233606338501,0.1852544,0.00027149184,0.9742041712403952,,,
940,38508,52,62,2031616,0.7,0.8063829787234043,2.5292129516601562,21.045766830444336,-0.0006261483140406199,0.9740026595744681,0.0035491006,0.5023519992828369,35.23,244,0.035888671875,-0.23002533661201596,4.632113590836525,0.18500864,0.00027101670399999996,0.9740026595744681,,,
909,38533,53,63,2064384,0.83,0.845984598459846,2.6248974800109863,22.754505157470703,-0.0008124452288029715,0.9809543454345434,0.0030461797,0.48500198125839233,36.49,248,0.0368194580078125,-0.22490032715722919,5.098967641592026,0.18476288000000002,0.00027054156799999996,0.9809543454345434,,,
899,38577,54,64,2097152,0.87,0.8253615127919911,2.028451919555664,23.335102081298828,-0.0010815246241691057,0.9767797552836485,0.003562015,0.5116491913795471,35.89,252,0.02855682373046875,-0.22793119447305799,4.09127552062273,0.18451712,0.00027006643199999997,0.9767797552836485,,,
891,38565,55,65,2129920,0.84,0.8069584736251403,2.3220131397247314,22.92507553100586,-0.0015980890893843025,0.9746773288439955,0.0045285076,0.5011615753173828,35.92,256,0.04827880859375,-0.22778843296691775,4.519302144646645,0.18427136,0.00026959129599999997,0.9746773288439955,,,
908,38583,56,66,2162688,0.83,0.8127753303964758,2.1984994411468506,22.815176010131836,-0.0012471217996790074,0.9776294052863436,0.0035137644,0.5075697898864746,35.82,260,0.03076171875,-0.2248590886592865,4.752676948904991,0.1840256,0.00026911616,0.9776294052863436,,,
931,38595,56,67,2195456,0.8,0.8120300751879699,2.0753417015075684,22.446046829223633,-0.000944212017202517,0.9751611170784104,0.0036974414,0.5415907502174377,34.95,264,0.0371551513671875,-0.2229961114935577,4.465786516666412,0.18377984000000003,0.000268641024,0.9751611170784104,,,
934,38612,57,68,2228224,0.81,0.8276231263383298,2.324401617050171,22.435436248779297,-0.0007711239741183817,0.9779175588865097,0.0042083864,0.5330387353897095,35.56,268,0.04178619384765625,-0.22302604233846068,4.714799851179123,0.18353408000000002,0.000268165888,0.9779175588865097,,,
926,38629,58,69,2260992,0.82,0.8336933045356372,2.209099769592285,22.624719619750977,-0.0012841775860579219,0.9792116630669546,0.0026475415,0.5357187986373901,36.28,272,0.02408599853515625,-0.22028579143807292,4.495881095528603,0.18328832,0.000267690752,0.9792116630669546,,,
924,38658,59,70,2293760,0.78,0.8041125541125541,2.118140935897827,22.125717163085938,-0.0005114097366458736,0.9737554112554112,0.0039893445,0.5496153831481934,35.28,276,0.034637451171875,-0.21847644820809364,4.170807793736458,0.18304256000000002,0.000267215616,0.9737554112554112,,,
914,38733,60,71,2326528,0.87,0.8413566739606126,2.554636240005493,23.335588455200195,-0.0009507877475698479,0.9789387308533917,0.0036547158,0.5285367965698242,35.41,280,0.03250885009765625,-0.21714893775060773,4.851713553071022,0.1827968,0.00026674048,0.9789387308533917,,,
917,38775,60,72,2359296,0.84,0.8287895310796074,2.1426072120666504,22.835067749023438,-0.0012199947450426407,0.976758451472192,0.004886463,0.5426748991012573,35.93,284,0.0366058349609375,-0.21199665311723948,4.136045522987843,0.18255104000000003,0.000266265344,0.976758451472192,,,
928,38798,61,73,2392064,0.81,0.8168103448275862,2.270498275756836,22.52556610107422,-0.0015103128789633047,0.9779768318965517,0.0024417806,0.5197069644927979,35.43,288,0.02715301513671875,-0.2114454535767436,4.491579607129097,0.18230528000000001,0.000265790208,0.9779768318965517,,,
923,38797,62,74,2424832,0.84,0.8353196099674973,2.358659505844116,22.845685958862305,-0.00023971498740138486,0.9769772481040087,0.0036225244,0.5256481170654297,35.31,292,0.0416717529296875,-0.20715260226279497,4.462043792009354,0.18205952,0.00026531507199999995,0.9769772481040087,,,
929,38858,63,75,2457600,0.86,0.8331539289558665,2.177711248397827,23.026226043701172,-0.0005595417023869231,0.9788078579117331,0.003354582,0.5145092010498047,34.77,296,0.03362274169921875,-0.21118035120889544,4.36592960357666,0.18181376,0.00026483993599999995,0.9788078579117331,,,
939,38856,64,76,2490368,0.88,0.8434504792332268,2.0938940048217773,23.405967712402344,-0.0005989287274132948,0.9782348242811502,0.0049272208,0.5265024900436401,35.03,300,0.04184722900390625,-0.20893019065260887,4.182582184672356,0.181568,0.0002643648,0.9782348242811502,,,
929,38879,64,77,2523136,0.9,0.8320775026910656,2.029142379760742,23.705917358398438,-0.0008246378238254692,0.9782696447793326,0.0038140416,0.5270269513130188,35.08,304,0.02753448486328125,-0.20797348907217383,4.284286260604858,0.18132224,0.00026388966399999996,0.9782696447793326,,,
930,38888,65,78,2555904,0.8,0.8354838709677419,2.0519707202911377,22.296096801757812,-0.001271035085665062,0.978225806451613,0.00380702,0.5379420518875122,34.9,308,0.03266143798828125,-0.20838195271790028,4.337081201374531,0.18107648,0.000263414528,0.978225806451613,,,
880,38920,66,79,2588672,0.82,0.8363636363636363,2.020315170288086,22.645048141479492,-0.0006528500853164587,0.9781960227272727,0.0056425496,0.5354056358337402,35.95,312,0.04174041748046875,-0.20673794765025377,4.363544300198555,0.18083072,0.00026293939199999996,0.9781960227272727,,,
,,,,2621440,,,1.8057284355163574,,-0.0009031157824210823,,0.0033222628,0.5478299856185913,,316,0.04238128662109375,-0.20676492247730494,4.045670419931412,0.18058496000000002,0.00026246425599999997,,34.0,22.506996154785156,0.82
922,38791,67,80,2621440,0.81,0.8329718004338394,,22.466114044189453,,0.9795281995661606,,,34.88,,,,,,,0.9795281995661606,,,
938,38821,68,81,2654208,0.85,0.8368869936034116,1.9336062669754028,22.985822677612305,-0.0009172532045340631,0.9795442430703625,0.004465336,0.5592616200447083,35.17,320,0.0391082763671875,-0.20622136536985636,4.162514425814152,0.1803392,0.00026198911999999997,0.9795442430703625,,,
926,38844,69,82,2686976,0.78,0.8293736501079914,2.039308547973633,22.07550811767578,-0.0011404335273255128,0.9780642548596112,0.003465242,0.5547435879707336,35.49,324,0.03133392333984375,-0.206328094471246,4.158213742077351,0.18009344,0.00026151398399999997,0.9780642548596112,,,
929,38867,69,83,2719744,0.86,0.8310010764262648,2.0546958446502686,23.184476852416992,-0.0010837152076419443,0.9763858988159311,0.0036676694,0.5457392930984497,36.52,328,0.04157257080078125,-0.20674170553684235,4.254315838217735,0.17984768,0.000261038848,0.9763858988159311,,,
945,38891,70,84,2752512,0.87,0.8317460317460318,1.974442958831787,23.345487594604492,-0.0010443110004416667,0.9786375661375661,0.003545286,0.541610598564148,35.51,332,0.0354156494140625,-0.20578810945153236,4.234299391508102,0.17960192000000003,0.000260563712,0.9786375661375661,,,
914,38903,71,85,2785280,0.83,0.8424507658643327,1.930988073348999,22.76494598388672,-0.0009246599511243403,0.9787335886214442,0.0052222675,0.5451726317405701,36.05,336,0.04007720947265625,-0.20411983504891396,4.295838728547096,0.17935616000000001,0.000260088576,0.9787335886214442,,,
926,38945,72,86,2818048,0.78,0.8423326133909287,2.028242349624634,22.076244354248047,-0.0005733195430366322,0.980494060475162,0.0069013336,0.5485728979110718,34.75,340,0.05254364013671875,-0.20093685667961836,3.963446758687496,0.1791104,0.00025961344,0.980494060475162,,,
943,38957,73,87,2850816,0.86,0.8313891834570519,2.006011724472046,23.185546875,-0.0005132797523401678,0.9797852598091198,0.0036443304,0.5547086596488953,35.45,344,0.03955841064453125,-0.20025709690526128,4.092762343585491,0.17886464000000002,0.000259138304,0.9797852598091198,,,
944,38997,73,88,2883584,0.8,0.826271186440678,2.12304949760437,22.35547637939453,-0.0009623893420211971,0.9770921610169492,0.0041626934,0.5562335252761841,35.52,348,0.04038238525390625,-0.19926454685628414,4.376314386725426,0.17861888,0.000258663168,0.9770921610169492,,,
932,39028,74,89,2916352,0.88,0.8444206008583691,2.3071982860565186,23.386018753051758,-0.00028158753775642253,0.9792784334763949,0.0050645033,0.5473842620849609,34.98,352,0.0548248291015625,-0.1997731737792492,4.636855497956276,0.17837312000000002,0.000258188032,0.9792784334763949,,,
923,39050,75,90,2949120,0.82,0.8429035752979415,1.9648687839508057,22.55584144592285,-0.00025935988378478214,0.9781283856988082,0.0038177138,0.5543903112411499,35.15,356,0.04372406005859375,-0.1986164995469153,4.16536819934845,0.17812736,0.000257712896,0.9781283856988082,,,
931,39090,76,91,2981888,0.85,0.8431793770139635,2.266279697418213,23.05591583251953,-0.0014342537797347177,0.9801960257787325,0.0043597366,0.5460482835769653,35.08,360,0.03629302978515625,-0.19621458323672414,4.178798526525497,0.1778816,0.00025723776,0.9801960257787325,,,
929,39085,77,92,3014656,0.89,0.860064585575888,2.056217670440674,23.495946884155273,-0.00041808288369793445,0.9813643702906351,0.0043682065,0.5568015575408936,35.05,364,0.03755950927734375,-0.19680605689063668,3.9862650111317635,0.17763584000000002,0.000256762624,0.9813643702906351,,,
924,39096,77,93,3047424,0.86,0.8571428571428571,1.7350658178329468,23.085416793823242,-0.001033723103319062,0.9834280303030303,0.0033332068,0.5674127340316772,35.58,368,0.03511810302734375,-0.19824168039485812,3.796459160745144,0.17739008,0.000256287488,0.9834280303030303,,,
937,39115,78,94,3080192,0.84,0.8409818569903948,1.8098266124725342,22.916444778442383,-0.0004910137431579642,0.9795224119530416,0.004686052,0.5790274739265442,34.55,372,0.03955078125,-0.19792728312313557,3.719540223479271,0.17714432,0.00025581235199999996,0.9795224119530416,,,
931,39128,79,95,3112960,0.8,0.8131041890440387,2.2182674407958984,22.395954132080078,-0.0007341218697547447,0.9756310418904404,0.0038680758,0.5639516115188599,35.04,376,0.0387115478515625,-0.1950113051570952,4.201168894767761,0.17689856,0.000255337216,0.9756310418904404,,,
950,39130,80,96,3145728,0.86,0.8473684210526315,2.345318555831909,23.155994415283203,-0.0004832282465940807,0.9801973684210527,0.003814211,0.547448992729187,35.0,380,0.03678131103515625,-0.19208084139972925,4.720469653606415,0.1766528,0.00025486207999999997,0.9801973684210527,,,
927,39144,81,97,3178496,0.9,0.8414239482200647,1.9465148448944092,23.716184616088867,-0.0009502546417934354,0.9802454153182308,0.002597116,0.554339587688446,34.81,384,0.02782440185546875,-0.1938563915900886,4.178684636950493,0.17640704000000001,0.00025438694399999997,0.9802454153182308,,,
925,39159,82,98,3211264,0.79,0.8216216216216217,2.021815538406372,22.256093978881836,-0.0010005155236285646,0.9763513513513513,0.0033346515,0.5598384141921997,34.9,388,0.036285400390625,-0.193865688983351,4.020956568419933,0.17616128,0.00025391180799999997,0.9763513513513513,,,
944,39196,82,99,3244032,0.87,0.8485169491525424,2.2244176864624023,23.305727005004883,-0.0014900363312335685,0.9812632415254238,0.003198951,0.5346436500549316,35.27,392,0.03380584716796875,-0.19435966201126575,4.668898284435272,0.17591552,0.000253436672,0.9812632415254238,,,
,,,,3276800,,,2.1252193450927734,,-0.001133712285081856,,0.0039561125,0.5646899938583374,,396,0.04095458984375,-0.1920768152922392,4.155924737453461,0.17566976,0.000252961536,,33.46,23.007535934448242,0.85
936,39124,83,100,3276800,0.88,0.8461538461538461,,23.395244598388672,,0.9799679487179487,,,35.75,,,,,,,0.9799679487179487,,,
924,39135,84,101,3309568,0.87,0.8333333333333334,2.106034278869629,23.27520751953125,-0.0005665076896548271,0.9786931818181818,0.0034433925,0.5652518272399902,35.79,400,0.04332733154296875,-0.19131249049678445,4.052946455776691,0.17542400000000002,0.0002524864,0.9786931818181818,,,
949,39141,85,102,3342336,0.81,0.821917808219178,2.282538652420044,22.516685485839844,-0.0012599420879269019,0.9772128556375131,0.003430565,0.5592329502105713,34.31,404,0.0416259765625,-0.18932813312858343,4.311564110219479,0.17517824,0.000252011264,0.9772128556375131,,,
927,39134,86,103,3375104,0.86,0.8349514563106796,2.2528536319732666,23.115678787231445,-0.0012225811078678817,0.9766720604099245,0.004739697,0.5508216023445129,35.32,408,0.04520416259765625,-0.1912598400376737,4.628971368074417,0.17493248,0.00025153612799999993,0.9766720604099245,,,
941,39111,87,104,3407872,0.77,0.844845908607864,2.1792402267456055,21.98603057861328,-0.00045054705697111785,0.9818676939426142,0.002536804,0.550002932548523,34.97,412,0.0335540771484375,-0.19217449240386486,4.337026819586754,0.17468672000000002,0.000251060992,0.9818676939426142,,,
944,39114,87,105,3440640,0.8,0.8273305084745762,1.9443079233169556,22.447124481201172,-0.0007489939125662204,0.9788797669491526,0.0029778536,0.562795877456665,33.87,416,0.03289031982421875,-0.18924103863537312,3.978090889751911,0.17444096,0.000250585856,0.9788797669491526,,,
921,39118,88,106,3473408,0.83,0.8414766558089034,2.2830302715301514,22.635986328125,-0.00113496849371586,0.9780808903365906,0.003158933,0.5533754825592041,35.01,420,0.03533935546875,-0.18738037114962935,4.443250149488449,0.17419520000000002,0.00025011072,0.9780808903365906,,,
945,39120,89,107,3506176,0.83,0.8391534391534392,2.091035842895508,22.707019805908203,-0.0006026699047652073,0.9806216931216931,0.0043079806,0.5602989792823792,33.98,424,0.045745849609375,-0.18932237336412072,4.169941395521164,0.17394944,0.000249635584,0.9806216931216931,,,
941,39105,90,108,3538944,0.82,0.8320935175345378,2.0317282676696777,22.605592727661133,-0.001427917362889275,0.9783475026567482,0.003562714,0.5590545535087585,35.4,428,0.038604736328125,-0.1907621556892991,4.206315375864506,0.17370368,0.00024916044799999995,0.9783475026567482,,,
957,39131,91,109,3571712,0.82,0.8349007314524556,2.12117338180542,22.546632766723633,-0.0007264269079314545,0.9787748171368861,0.002568817,0.5589916706085205,34.36,432,0.02593994140625,-0.18847255688160658,4.330198876559734,0.17345792000000002,0.000248685312,0.9787748171368861,,,
943,39112,92,110,3604480,0.77,0.8409331919406151,2.276242971420288,21.996374130249023,-0.0010158436161873396,0.977863202545069,0.0026171738,0.5630794167518616,34.62,436,0.0293426513671875,-0.1907577090896666,4.397233814001083,0.17321216,0.00024821017599999996,0.977863202545069,,,
934,39135,92,111,3637248,0.86,0.8351177730192719,2.285895824432373,23.095874786376953,-0.0005594690446741879,0.9772483940042827,0.0030434108,0.5555485486984253,35.12,440,0.03887176513671875,-0.18991148844361305,4.323547579348087,0.17296640000000002,0.00024773504,0.9772483940042827,,,
928,39142,93,112,3670016,0.83,0.8545258620689655,2.289823055267334,22.616060256958008,-0.000881663629115792,0.9808728448275862,0.0019749026,0.5546820163726807,34.94,444,0.02600860595703125,-0.18580960016697645,4.34241396933794,0.17272064,0.00024725990399999996,0.9808728448275862,,,
944,39147,94,113,3702784,0.85,0.8220338983050848,1.8731251955032349,23.016267776489258,-0.0009407947800355032,0.9775556144067796,0.003112981,0.5679640769958496,34.73,448,0.03385162353515625,-0.1894822521135211,3.968739539384842,0.17247488,0.00024678476799999997,0.9775556144067796,,,
933,39129,95,114,3735552,0.79,0.8553054662379421,2.293653964996338,22.236085891723633,-0.0006190915410115849,0.9820471596998929,0.0024490063,0.5567653179168701,34.91,452,0.020477294921875,-0.18925893865525723,4.697899773716927,0.17222912,0.00024630963199999997,0.9820471596998929,,,
945,39166,96,115,3768320,0.83,0.8433862433862434,1.9175602197647095,22.8355655670166,-0.0005230753449723125,0.9822089947089947,0.0025247037,0.5834126472473145,35.43,456,0.02727508544921875,-0.1866526622325182,3.8654450699687004,0.17198336,0.000245834496,0.9822089947089947,,,
927,39167,97,116,3801088,0.79,0.8425026968716289,1.9893808364868164,22.296297073364258,-0.0010711223985708784,0.9813915857605178,0.0031663512,0.578120231628418,34.7,460,0.03168487548828125,-0.1854677894152701,4.061346150934696,0.1717376,0.00024535936,0.9813915857605178,,,
948,39172,97,117,3833856,0.79,0.8143459915611815,2.0000202655792236,22.20648956298828,-0.0015053248098411132,0.9763317510548524,0.0035230205,0.576413631439209,34.51,464,0.04383087158203125,-0.18449762603268027,4.025171957910061,0.17149184,0.000244884224,0.9763317510548524,,,
919,39178,98,118,3866624,0.88,0.8563656147986942,2.203577995300293,23.41561508178711,0.0005892901790502947,0.9807535364526659,0.0028252285,0.5562427043914795,35.38,468,0.03118133544921875,-0.18574767652899027,4.833815976977348,0.17124608000000002,0.000244409088,0.9807535364526659,,,
945,39182,99,119,3899392,0.81,0.8455026455026455,1.889543890953064,22.416156768798828,2.3954286007210612e-05,0.9805555555555555,0.0026772202,0.5971494913101196,34.84,472,0.03973388671875,-0.18344749184325337,3.634576641023159,0.17100032,0.000243933952,0.9805555555555555,,,
,,,,3932160,,,1.960477590560913,,-0.0013835262216161937,,0.0028691848,0.5761063694953918,,476,0.03050994873046875,-0.18606984429061413,4.094480991363525,0.17075456,0.000243458816,,34.45,23.71654510498047,0.9
938,39103,100,120,3932160,0.89,0.8454157782515992,,23.5561580657959,,0.9790111940298507,,,34.84,,,,,,,0.9790111940298507,,,
949,39082,101,121,3964928,0.83,0.8345626975763962,1.9962900876998901,22.79672622680664,-0.0008238127193180844,0.9807033719704953,0.0024563316,0.5815356969833374,34.27,480,0.03021240234375,-0.18454647110775113,3.9786580577492714,0.17050880000000002,0.00024298368,0.9807033719704953,,,
940,39076,102,122,3997696,0.84,0.8329787234042553,2.211270809173584,22.867294311523438,-0.0009240040599252097,0.979720744680851,0.0024392602,0.5759499073028564,33.7,484,0.0265960693359375,-0.18245697021484375,4.35113187879324,0.17026304000000003,0.000242508544,0.979720744680851,,,
948,39049,103,123,4030464,0.85,0.8438818565400844,2.106865406036377,22.917028427124023,-0.0007952853484312072,0.9783095991561181,0.0032431388,0.5762982368469238,33.97,488,0.03479766845703125,-0.18427887791767716,4.200216092169285,0.17001728000000002,0.000242033408,0.9783095991561181,,,
946,39060,104,124,4063232,0.87,0.846723044397463,1.9990061521530151,23.267074584960938,-0.0012168622452009004,0.979188689217759,0.0034460798,0.5615752339363098,33.92,492,0.0430145263671875,-0.183704215567559,4.137971326708794,0.16977152,0.00024155827199999998,0.979188689217759,,,
943,39063,104,125,4096000,0.89,0.8409331919406151,1.9723820686340332,23.496509552001953,-0.0007512013689847663,0.9803154825026511,0.0034691077,0.5633542537689209,34.49,496,0.03021240234375,-0.18353585014119744,4.174068257212639,0.16952576,0.00024108313599999995,0.9803154825026511,,,
924,39083,105,126,4128768,0.76,0.8235930735930735,2.0645883083343506,21.696775436401367,-0.0010722144543251488,0.9760551948051948,0.0032321122,0.5781927108764648,34.22,500,0.03250885009765625,-0.18081982852891088,4.120143413543701,0.16928,0.00024060799999999998,0.9760551948051948,,,
962,39086,106,127,4161536,0.84,0.840956340956341,2.229990243911743,22.867063522338867,-0.00042622290857252665,0.9778456340956341,0.002442726,0.5663984417915344,33.93,504,0.03241729736328125,-0.1826525554060936,4.4596995785832405,0.16903424,0.000240132864,0.9778456340956341,,,
932,39088,107,128,4194304,0.87,0.8551502145922747,2.0417425632476807,23.26593589782715,-0.0011214819242013618,0.980619635193133,0.002932379,0.5730904340744019,35.06,508,0.0345611572265625,-0.18092829268425703,4.2217308059334755,0.16878848000000002,0.000239657728,0.980619635193133,,,
958,39093,108,129,4227072,0.81,0.8173277661795407,1.8441572189331055,22.456615447998047,-0.0012546959114843048,0.9763178496868476,0.0033180425,0.5853972434997559,34.38,512,0.03755950927734375,-0.18067167419940233,3.7581261470913887,0.16854272,0.000239182592,0.9763178496868476,,,
951,39112,108,130,4259840,0.85,0.8401682439537329,2.322850227355957,22.977075576782227,-0.0009417381734238006,0.9782465825446898,0.0029571846,0.5636602640151978,33.92,516,0.033294677734375,-0.18406754126772285,4.647112384438515,0.16829696,0.00023870745599999997,0.9782465825446898,,,
941,39131,109,131,4292608,0.86,0.844845908607864,2.131835460662842,23.156044006347656,-0.0009710352460388094,0.9815356004250797,0.0032420927,0.5737682580947876,34.95,520,0.0359039306640625,-0.18253318453207612,4.235757395625114,0.1680512,0.00023823232,0.9815356004250797,,,
941,39119,110,132,4325376,0.83,0.8320935175345378,2.019230842590332,22.716167449951172,-0.000689899123244686,0.9784803400637619,0.0050181285,0.5842281579971313,34.83,524,0.04540252685546875,-0.18373794481158257,3.9851288497447968,0.16780544,0.00023775718399999998,0.9784803400637619,,,
946,39119,111,133,4358144,0.85,0.8372093023255814,2.181506633758545,23.03561782836914,-0.001267156891117338,0.9774048625792812,0.0034209774,0.5716067552566528,35.38,528,0.03452301025390625,-0.1797185675241053,4.39545638859272,0.16755968,0.00023728204799999998,0.9774048625792812,,,
950,39144,112,134,4390912,0.86,0.8136842105263158,2.3043084144592285,23.145301818847656,-0.0009695216867839918,0.9764473684210526,0.003821215,0.5750172138214111,35.69,532,0.0417938232421875,-0.18223419738933444,4.218620978295803,0.16731392,0.00023680691199999998,0.9764473684210526,,,
943,39127,113,135,4423680,0.86,0.8494167550371156,2.267364501953125,23.166215896606445,-0.0007815580975147896,0.9813759278897137,0.0020807832,0.5644723176956177,34.78,536,0.02661895751953125,-0.18133499566465616,4.626397170126438,0.16706816000000002,0.000236331776,0.9813759278897137,,,
945,39129,113,136,4456448,0.87,0.8412698412698413,1.9155919551849365,23.275657653808594,-0.000995136706478661,0.978505291005291,0.002797979,0.577503502368927,35.34,540,0.02895355224609375,-0.18191802175715566,3.909194231033325,0.16682239999999998,0.00023585664,0.978505291005291,,,
939,39113,114,137,4489216,0.81,0.8466453674121406,2.2279179096221924,22.44613265991211,-0.0008570840764150489,0.9785676251331203,0.0028449534,0.5509994029998779,34.86,544,0.0293731689453125,-0.17917454661801457,4.36523512750864,0.16657664,0.000235381504,0.9785676251331203,,,
931,39117,115,138,4521984,0.83,0.841031149301826,1.9080185890197754,22.8066463470459,-0.0006326969050860498,0.9795918367346939,0.0040355893,0.563481330871582,34.35,548,0.0420379638671875,-0.18078667065128684,4.021324150264263,0.16633088000000001,0.000234906368,0.9795918367346939,,,
951,39128,116,139,4554752,0.89,0.8769716088328076,2.1111133098602295,23.605937957763672,-0.0004912847325613257,0.9856072555205048,0.003255273,0.5670493841171265,35.06,552,0.03322601318359375,-0.1813879576511681,4.03845789283514,0.16608512000000003,0.000234431232,0.9856072555205048,,,
,,,,4587520,,,1.6553127765655518,,-0.0005799628306704108,,0.0027819744,0.5993816256523132,,556,0.031036376953125,-0.1815183158032596,3.3473373278975487,0.16583936,0.000233956096,,35.26,22.345739364624023,0.8
935,39069,117,140,4587520,0.9,0.8566844919786096,,23.655376434326172,,0.9808155080213904,,,35.62,,,,,,,0.9808155080213904,,,
939,39072,118,141,4620288,0.85,0.8221512247071352,1.798893690109253,23.026199340820312,-0.0008066663103818428,0.976104898828541,0.0022242768,0.5834667682647705,34.8,560,0.02767181396484375,-0.18012789404019713,3.796316497027874,0.1655936,0.00023348095999999998,0.976104898828541,,,
953,39080,119,142,4653056,0.84,0.8373557187827911,2.3675429821014404,22.885753631591797,0.00029560864641098306,0.9779643231899265,0.0040250183,0.5635038614273071,35.24,564,0.04618072509765625,-0.17975253844633698,4.664341136813164,0.16534784,0.00023300582399999996,0.9779643231899265,,,
934,39067,119,143,4685824,0.93,0.8436830835117773,2.2364439964294434,24.046226501464844,-0.001029655133606866,0.9794566381156317,0.0027458034,0.5770512819290161,34.77,568,0.0325927734375,-0.1797476843930781,4.30701556801796,0.16510208,0.000232530688,0.9794566381156317,,,
927,39071,120,144,4718592,0.93,0.8543689320388349,2.0229198932647705,24.065534591674805,-0.0009272142269765027,0.9811218985976268,0.0017901834,0.5955532789230347,35.46,572,0.023284912109375,-0.17839274182915688,3.8357987627387047,0.16485632,0.00023205555199999996,0.9811218985976268,,,
948,39067,121,145,4751360,0.85,0.8533755274261603,1.974717617034912,22.917526245117188,-0.0007946661353344098,0.9809467299578059,0.0028548455,0.5973625779151917,33.47,576,0.0310821533203125,-0.178251339122653,3.662712201476097,0.16461056000000002,0.000231580416,0.9809467299578059,,,
950,39066,122,146,4784128,0.87,0.84,2.0992109775543213,23.196508407592773,-0.0005805831533507444,0.9796052631578948,0.0024030004,0.5757572650909424,34.49,580,0.0302734375,-0.18105319468304515,3.952758200466633,0.1643648,0.00023110527999999997,0.9796052631578948,,,
966,39077,123,147,4816896,0.87,0.8405797101449275,2.177375078201294,23.226125717163086,-0.0005465979011205491,0.9789078674948241,0.003056217,0.5709323287010193,34.87,584,0.0390777587890625,-0.17777407262474298,4.161200501024723,0.16411904,0.00023063014399999997,0.9789078674948241,,,
947,39073,124,148,4849664,0.88,0.856388595564942,2.1666460037231445,23.406414031982422,-0.0010507597253308631,0.9800686378035903,0.002279466,0.5629014372825623,34.58,588,0.027557373046875,-0.17686034459620714,4.323191285133362,0.16387328,0.00023015500799999998,0.9800686378035903,,,
942,39085,124,149,4882432,0.83,0.8450106157112527,1.9049049615859985,22.76532745361328,-0.0010129328584298491,0.9775079617834395,0.0023876955,0.5719195008277893,35.67,592,0.032257080078125,-0.179521637968719,3.854637958109379,0.16362752,0.00022967987199999998,0.9775079617834395,,,
947,39074,125,150,4915200,0.85,0.8468848996832101,2.1125142574310303,22.996606826782227,-0.0011060845536121633,0.9786826821541711,0.0023980583,0.5561937093734741,34.39,596,0.031494140625,-0.17954979045316577,4.271452635526657,0.16338176000000001,0.000229204736,0.9786826821541711,,,
948,39088,126,151,4947968,0.83,0.8628691983122363,1.9476338624954224,22.74658966064453,-0.00116387367961579,0.9820675105485233,0.0020542722,0.571783185005188,34.41,600,0.03057861328125,-0.17900853510946035,4.053622528910637,0.163136,0.00022872959999999999,0.9820675105485233,,,
951,39086,127,152,4980736,0.81,0.8401682439537329,2.052466630935669,22.49666976928711,-0.0010983007668983191,0.979692429022082,0.0025351818,0.5813124179840088,34.33,604,0.02602386474609375,-0.17738162586465478,3.615018792450428,0.16289024000000002,0.000228254464,0.979692429022082,,,
927,39083,128,153,5013504,0.86,0.8489751887810141,2.119018077850342,23.145524978637695,-0.0008369860497623449,0.9810544768069039,0.0036189288,0.5617271661758423,35.47,608,0.0323028564453125,-0.17491841642186046,4.271394193172455,0.16264447999999998,0.00022777932799999997,0.9810544768069039,,,
940,39085,129,154,5046272,0.87,0.8617021276595744,1.8234405517578125,23.246767044067383,-0.00021417794050648808,0.9819813829787234,0.0024609799,0.5817973613739014,34.23,612,0.0419464111328125,-0.1757671651430428,3.8549612313508987,0.16239872,0.000227304192,0.9819813829787234,,,
959,39098,129,155,5079040,0.85,0.8717413972888426,1.822593331336975,23.076335906982422,-0.0011902342375833541,0.9833159541188738,0.0029863538,0.5958448052406311,34.66,616,0.0349884033203125,-0.17418267857283354,3.600642867386341,0.16215296,0.000226829056,0.9833159541188738,,,
953,39109,130,156,5111808,0.78,0.8394543546694648,1.7786712646484375,22.096616744995117,-0.0004378526173240971,0.9785545645330536,0.0034456006,0.6064013242721558,34.38,620,0.03759765625,-0.1750389584340155,3.5057356879115105,0.16190720000000003,0.00022635392,0.9785545645330536,,,
968,39113,131,157,5144576,0.9,0.8574380165289256,2.3929216861724854,23.606609344482422,-0.0005054271168773994,0.9807592975206612,0.0031181187,0.5791865587234497,34.39,624,0.03485107421875,-0.17611975502222776,4.340775899589062,0.16166144,0.000225878784,0.9807592975206612,,,
939,39115,132,158,5177344,0.92,0.8359957401490948,1.9114153385162354,23.925609588623047,-0.0005063491153123323,0.9791001064962727,0.0029931695,0.5960177183151245,35.39,628,0.03511810302734375,-0.17697182949632406,3.8619010746479034,0.16141568,0.00022540364799999998,0.9791001064962727,,,
926,39113,133,159,5210112,0.85,0.8369330453563715,2.0760812759399414,22.936567306518555,-0.0008324309965246357,0.9763093952483801,0.002593671,0.5692744255065918,34.43,632,0.0310516357421875,-0.17932699155062437,4.277160629630089,0.16116992,0.00022492851199999996,0.9763093952483801,,,
,,,,5242880,,,2.0367276668548584,,-0.0009605646773707122,,0.0025669308,0.5606763958930969,,636,0.03202056884765625,-0.17804795457050204,4.4091582000255585,0.16092416,0.000224453376,,34.24,22.846755981445312,0.84
957,39037,134,160,5242880,0.88,0.8463949843260188,,23.436338424682617,,0.9813871473354232,,,34.66,,,,,,,0.9813871473354232,,,
930,39041,135,161,5275648,0.89,0.853763440860215,1.889786720275879,23.485553741455078,-0.0010112521922565065,0.9819220430107527,0.0033939164,0.5846718549728394,35.44,640,0.03826141357421875,-0.17530081793665886,4.04019732773304,0.1606784,0.00022397824000000002,0.9819220430107527,,,
935,39040,135,162,5308416,0.87,0.8374331550802139,1.795007348060608,23.346332550048828,-0.0006161156379675958,0.9778743315508022,0.0022762981,0.6066293716430664,34.66,644,0.03143310546875,-0.17764808051288128,3.6038583517074585,0.16043264000000002,0.000223503104,0.9778743315508022,,,
947,39041,136,163,5341184,0.91,0.853220696937698,1.867232084274292,23.815567016601562,-0.0008795679641480092,0.981850580781415,0.0025836995,0.5872789621353149,35.43,648,0.032470703125,-0.17960081435739994,4.082646615803242,0.16018688,0.00022302796799999997,0.981850580781415,,,
947,39047,137,164,5373952,0.78,0.8426610348468849,1.7884644269943237,21.996774673461914,-0.0005953114414296579,0.9799366420274551,0.0029078042,0.6005908250808716,34.22,652,0.0409088134765625,-0.17553758714348078,3.797452673316002,0.15994112,0.00022255283199999998,0.9799366420274551,,,
922,39048,138,165,5406720,0.81,0.8329718004338394,2.065770149230957,22.525056838989258,-0.00035081495298072696,0.9793248373101953,0.0019371253,0.5924074649810791,35.94,656,0.033172607421875,-0.1783268409781158,4.1491599678993225,0.15969536,0.00022207769599999998,0.9793248373101953,,,
958,39053,139,166,5439488,0.87,0.8705636743215032,2.2220163345336914,23.236228942871094,-0.0008710606525710318,0.9828418580375783,0.0023495685,0.5929226875305176,34.77,660,0.02930450439453125,-0.17724784882739186,4.309682793915272,0.1594496,0.00022160255999999998,0.9828418580375783,,,
941,39046,140,167,5472256,0.85,0.8629117959617428,1.7924277782440186,23.006437301635742,-0.0007314666072488762,0.9804064824654622,0.0017915003,0.6023019552230835,34.56,664,0.02325439453125,-0.17321637272834778,3.5648821741342545,0.15920384,0.00022112742399999999,0.9804064824654622,,,
931,39059,140,168,5505024,0.8,0.832438238453276,1.910534381866455,22.35625648498535,-0.0007713187005720101,0.9781149301825993,0.0026286626,0.5836440324783325,34.74,668,0.03575897216796875,-0.17497238516807556,3.7338472604751587,0.15895808,0.000220652288,0.9781149301825993,,,
942,39056,141,169,5537792,0.88,0.8418259023354565,2.0959835052490234,23.436016082763672,-0.0006242875242605805,0.9797638004246284,0.002472845,0.5598187446594238,34.98,672,0.034271240234375,-0.1755795395001769,4.337981216609478,0.15871232000000002,0.000220177152,0.9797638004246284,,,
931,39063,142,170,5570560,0.79,0.8539205155746509,1.946839690208435,22.236648559570312,-0.0004970516583853168,0.9824785177228786,0.002962601,0.5724730491638184,34.35,676,0.04232025146484375,-0.17570567596703768,4.134566083550453,0.15846655999999998,0.00021970201599999997,0.9824785177228786,,,
943,39071,143,171,5603328,0.88,0.8345705196182397,1.8326878547668457,23.515226364135742,-0.0009113003325182945,0.9799840933191941,0.0036562867,0.596501350402832,35.77,680,0.040771484375,-0.17762005468830466,3.670835755765438,0.1582208,0.00021922688,0.9799840933191941,,,
934,39070,144,172,5636096,0.89,0.8458244111349036,1.9972729682922363,23.476354598999023,-0.0009371043124701828,0.9808618843683083,0.0020626427,0.575738251209259,34.64,684,0.0293121337890625,-0.17449542740359902,4.23407132178545,0.15797504,0.000218751744,0.9808618843683083,,,
943,39069,145,173,5668864,0.83,0.8430540827147401,1.9506734609603882,22.696765899658203,-0.0009094926426769234,0.9807131495227995,0.0022811773,0.5898277759552002,34.23,688,0.02866363525390625,-0.17643633903935552,3.9013515934348106,0.15772928,0.000218276608,0.9807131495227995,,,
935,39065,145,174,5701632,0.83,0.8673796791443851,1.7280564308166504,22.755638122558594,-0.0007642265736649279,0.9821524064171123,0.002610475,0.5804445743560791,35.36,692,0.03534698486328125,-0.1734275696799159,4.062837854027748,0.15748352,0.00021780147199999998,0.9821524064171123,,,
952,39065,146,175,5734400,0.81,0.8371848739495799,1.869002342224121,22.5258731842041,-0.0005261373444227502,0.9804359243697479,0.0021528555,0.6041524410247803,35.12,696,0.03266143798828125,-0.17437030468136072,3.672621287405491,0.15723776,0.00021732633599999996,0.9804359243697479,,,
955,39059,147,176,5767168,0.83,0.8418848167539267,2.284841299057007,22.706106185913086,-0.000787173743447056,0.9795811518324608,0.0026043213,0.5933293700218201,34.89,700,0.0393829345703125,-0.1743037411943078,4.254512824118137,0.15699200000000002,0.00021685120000000002,0.9795811518324608,,,
927,39050,148,177,5799936,0.82,0.8489751887810141,2.1121318340301514,22.706377029418945,-0.0011150878308399115,0.9829422869471414,0.0020775797,0.5866750478744507,34.62,704,0.02751922607421875,-0.17528986046090722,4.214018404483795,0.15674624,0.00021637606399999996,0.9829422869471414,,,
954,39039,149,178,5832704,0.85,0.8563941299790356,1.9296733140945435,23.04611587524414,-0.0013633200142066926,0.9825733752620545,0.0027021524,0.6088995933532715,34.88,708,0.0371246337890625,-0.1740709519945085,3.7978732734918594,0.15650048,0.00021590092800000002,0.9825733752620545,,,
963,39029,150,179,5865472,0.86,0.8317757009345794,1.8223894834518433,23.1170711517334,-0.0008379389109904878,0.9785176531671859,0.002074037,0.6060376167297363,33.93,712,0.02875518798828125,-0.17123612947762012,3.755303405225277,0.15625472,0.000215425792,0.9785176531671859,,,
,,,,5898240,,,2.1470165252685547,,-0.0004267012081982102,,0.0025896197,0.5820190906524658,,716,0.0250396728515625,-0.1754231913946569,4.3712824285030365,0.15600896,0.00021495065599999997,,34.06,22.836938858032227,0.84
931,38978,151,180,5898240,0.85,0.8313641245972073,,23.006755828857422,,0.9775107411385607,,,34.24,,,,,,,0.9775107411385607,,,
950,38989,152,181,5931008,0.82,0.8315789473684211,2.104719877243042,22.676677703857422,-0.0007882017489464488,0.9784868421052632,0.0024301806,0.5825169086456299,34.32,720,0.03228759765625,-0.1724222656339407,4.3476638197898865,0.1557632,0.00021447551999999998,0.9784868421052632,,,
961,38987,152,182,5963776,0.87,0.8439125910509886,1.9441964626312256,23.266136169433594,-0.0011116739042336121,0.9813995837669095,0.0026212963,0.5883329510688782,34.86,724,0.0346832275390625,-0.17258928436785936,4.2534619346261024,0.15551744,0.00021400038399999998,0.9813995837669095,,,
955,38995,153,183,5996544,0.79,0.8408376963350785,1.9664090871810913,22.156536102294922,-0.000621324510575505,0.9775523560209424,0.0018852188,0.6008089184761047,34.46,728,0.02667999267578125,-0.17313840938732028,4.008494950830936,0.15527168000000002,0.000213525248,0.9775523560209424,,,
954,39001,154,184,6029312,0.84,0.8354297693920335,2.145890474319458,22.986379623413086,-0.00032429526618216187,0.9791666666666666,0.0028108575,0.5692391395568848,34.62,732,0.03631591796875,-0.16789967194199562,4.353919170796871,0.15502592,0.000213050112,0.9791666666666666,,,
953,39000,155,185,6062080,0.93,0.8499475341028332,1.8684028387069702,24.066675186157227,-0.00036572069075191393,0.9801285414480587,0.0025764303,0.5866988897323608,34.32,736,0.03835296630859375,-0.17124710557982326,4.151325657963753,0.15478016,0.000212574976,0.9801285414480587,,,
949,39012,156,186,6094848,0.86,0.8472075869336143,1.9859968423843384,23.16692352294922,-0.0006975317446631379,0.979386195995785,0.0030774022,0.5929028987884521,34.07,740,0.0390777587890625,-0.1720567480660975,3.91924811899662,0.1545344,0.00021209984,0.979386195995785,,,
953,39003,157,187,6127616,0.86,0.8373557187827911,1.9105377197265625,23.117088317871094,-0.000459721344668651,0.9795383001049318,0.0015701542,0.5894569158554077,33.91,744,0.027008056640625,-0.17270585149526596,4.13605710119009,0.15428863999999998,0.00021162470399999997,0.9795383001049318,,,
949,39015,157,188,6160384,0.87,0.8335089567966281,2.1861701011657715,23.3261661529541,-0.0003128203170490451,0.9797154899894626,0.0025540977,0.5958081483840942,34.83,748,0.03792572021484375,-0.17181530082598329,4.155002668499947,0.15404288,0.000211149568,0.9797154899894626,,,
959,39022,158,189,6193152,0.87,0.848800834202294,2.3007359504699707,23.22644805908203,-0.0008814141474431381,0.9799921793534933,0.001706965,0.6026944518089294,34.55,752,0.0292205810546875,-0.17305770050734282,4.106486767530441,0.15379712,0.000210674432,0.9799921793534933,,,
942,39030,159,190,6225920,0.83,0.8450106157112527,1.9122000932693481,22.64624786376953,-0.0008274847714346834,0.9781050955414012,0.0024756738,0.5935266017913818,34.75,756,0.03658294677734375,-0.17374981520697474,3.952944926917553,0.15355136,0.000210199296,0.9781050955414012,,,
947,39031,160,191,6258688,0.86,0.8585005279831045,1.9507920742034912,23.116445541381836,-0.0007341598939092364,0.9820485744456178,0.0027501113,0.5887477397918701,34.55,760,0.03462982177734375,-0.17293556220829487,3.9560462832450867,0.1533056,0.00020972415999999998,0.9820485744456178,,,
956,39034,161,192,6291456,0.82,0.8410041841004184,1.6824723482131958,22.518089294433594,-0.0006530342179758009,0.9782296025104602,0.0025676072,0.6036891937255859,32.91,764,0.03150177001953125,-0.17201607953757048,3.6697800308465958,0.15305984,0.00020924902399999996,0.9782296025104602,,,
919,39038,161,193,6324224,0.87,0.8520130576713819,2.0519614219665527,23.186426162719727,-0.000979159009148134,0.9802094668117519,0.0034373142,0.5797086358070374,34.57,768,0.0405120849609375,-0.17386709805577993,4.194921813905239,0.15281408000000002,0.000208773888,0.9802094668117519,,,
958,39033,162,194,6356992,0.87,0.8496868475991649,2.1020126342773438,23.205785751342773,-0.000786735130532179,0.9792536534446764,0.0020029433,0.586147665977478,35.21,772,0.0283966064453125,-0.1727528921328485,3.9132928773760796,0.15256832,0.00020829875199999997,0.9792536534446764,,,
944,39021,163,195,6389760,0.8,0.8527542372881356,1.8970507383346558,22.31717300415039,-0.001080391120922286,0.9829184322033898,0.0020226815,0.5879514217376709,33.82,776,0.02779388427734375,-0.17471021274104714,3.990823306143284,0.15232256,0.000207823616,0.9829184322033898,,,
932,39024,164,196,6422528,0.88,0.8594420600858369,1.6636461019515991,23.484888076782227,-0.0010490553086128784,0.9837714592274678,0.002281352,0.6117302179336548,36.11,780,0.03121185302734375,-0.1721859141252935,3.6833385825157166,0.1520768,0.00020734847999999997,0.9837714592274678,,,
949,39012,165,197,6455296,0.85,0.8482613277133825,1.7018181085586548,23.086170196533203,-0.0007752439450996462,0.9809009483667018,0.0034700502,0.6164371967315674,34.83,784,0.03746795654296875,-0.1706661661155522,3.7363691180944443,0.15183104,0.00020687334399999998,0.9809009483667018,,,
937,39014,166,198,6488064,0.82,0.8569903948772679,1.856757402420044,22.675495147705078,-0.0001423487628926523,0.9831243329775881,0.0024599768,0.6114579439163208,35.5,788,0.0338287353515625,-0.16979930317029357,3.9212838038802147,0.15158528,0.00020639820799999998,0.9831243329775881,,,
937,39016,167,199,6520832,0.75,0.8420490928495198,1.6285946369171143,21.705888748168945,-0.0009975413922802545,0.9794557097118464,0.0022657253,0.6166154146194458,35.11,792,0.0328826904296875,-0.1715853395871818,3.63509314507246,0.15133952,0.00020592307199999998,0.9794557097118464,,,
,,,,6553600,,,2.1850461959838867,,-0.0006207635087775998,,0.0018450492,0.5906169414520264,,796,0.030303955078125,-0.1727307252585888,4.063814967870712,0.15109376000000002,0.00020544793600000001,,34.34,23.656658172607422,0.9
936,38952,168,200,6553600,0.82,0.8408119658119658,,22.64612579345703,,0.9791666666666666,,,34.87,,,,,,,0.9791666666666666,,,
933,38948,169,201,6586368,0.84,0.8585209003215434,1.8199363946914673,22.855226516723633,-0.0008711048867553473,0.9807073954983923,0.0027680087,0.5889891386032104,35.77,800,0.036224365234375,-0.1684746709652245,3.948606625199318,0.150848,0.0002049728,0.9807073954983923,,,
944,38945,169,202,6619136,0.85,0.8707627118644068,1.798827886581421,23.015958786010742,-0.0007028586333035491,0.9825873940677966,0.002390414,0.5877851247787476,35.04,804,0.0323028564453125,-0.16777198249474168,3.74389785528183,0.15060224,0.000204497664,0.9825873940677966,,,
926,38938,170,203,6651904,0.8,0.8671706263498921,1.8584989309310913,22.36583709716797,-0.00044024476665072143,0.9820464362850972,0.0015667214,0.588728666305542,35.16,808,0.02535247802734375,-0.1678434330970049,3.6630262807011604,0.15035648,0.00020402252799999997,0.9820464362850972,,,
940,38939,171,204,6684672,0.86,0.8457446808510638,1.821123719215393,23.175434112548828,-0.0006925709858478513,0.9815159574468085,0.0033636994,0.5950454473495483,35.56,812,0.03936004638671875,-0.1670343466103077,3.6257520839571953,0.15011072,0.000203547392,0.9815159574468085,,,
932,38940,172,205,6717440,0.92,0.8637339055793991,2.16426682472229,23.935144424438477,-0.000731719919713214,0.9824973175965666,0.0026561706,0.5899883508682251,35.85,816,0.0341949462890625,-0.16822078451514244,4.030491106212139,0.14986496,0.000203072256,0.9824973175965666,,,
941,38933,173,206,6750208,0.81,0.8522848034006376,1.8463658094406128,22.496686935424805,-0.0006372520510922186,0.9822662061636557,0.0027529586,0.6092461347579956,34.31,820,0.03328704833984375,-0.1657373122870922,3.5840777531266212,0.1496192,0.00020259712,0.9822662061636557,,,
918,38930,174,207,6782976,0.88,0.855119825708061,1.8256170749664307,23.406599044799805,-0.0006478452560259029,0.9822303921568627,0.0019947996,0.5990241765975952,34.4,824,0.0300445556640625,-0.16642726678401232,3.7885660380125046,0.14937344,0.000202121984,0.9822303921568627,,,
959,38933,175,208,6815744,0.9,0.8592283628779979,1.4737526178359985,23.656494140625,-0.0008882041765900794,0.9799921793534933,0.0019800533,0.6038982272148132,34.5,828,0.029541015625,-0.16816300060600042,3.618063509464264,0.14912767999999998,0.00020164684799999999,0.9799921793534933,,,
935,38934,175,209,6848512,0.94,0.8598930481283422,1.9928642511367798,24.214574813842773,-0.0005775343743152916,0.9817513368983958,0.0019768965,0.5928168296813965,36.42,832,0.03014373779296875,-0.16735679656267166,3.9271368086338043,0.14888192,0.00020117171199999996,0.9817513368983958,,,
923,38939,176,210,6881280,0.88,0.8624052004333694,1.8222508430480957,23.4460506439209,-0.0008401986669923645,0.9820557963163596,0.0022827839,0.6111103892326355,34.95,836,0.03092193603515625,-0.16571540338918567,3.604780502617359,0.14863616000000002,0.000200696576,0.9820557963163596,,,
960,38940,177,211,6914048,0.8,0.8458333333333333,1.5615348815917969,22.377758026123047,-0.0008037686493480578,0.981640625,0.0018368195,0.6153045892715454,33.24,840,0.02799224853515625,-0.16899172915145755,3.579346038401127,0.1483904,0.00020022144000000002,0.981640625,,,
954,38945,178,212,6946816,0.81,0.8406708595387841,1.824812889099121,22.376604080200195,-0.0002792934792523738,0.9783805031446541,0.002135907,0.6206063628196716,34.39,844,0.02898406982421875,-0.16804825980216265,3.8256647288799286,0.14814464,0.000199746304,0.9783805031446541,,,
936,38938,179,213,6979584,0.84,0.8536324786324786,1.9352511167526245,22.766887664794922,-0.000551340875972528,0.9796340811965812,0.0017691986,0.595815896987915,34.11,848,0.0249481201171875,-0.16897061467170715,4.189287722110748,0.14789888,0.00019927116799999998,0.9796340811965812,,,
962,38927,180,214,7012352,0.79,0.8482328482328483,1.9298460483551025,22.31624984741211,-0.0009070293272088747,0.981743762993763,0.0025235643,0.6122276782989502,34.75,852,0.03342437744140625,-0.1674866727553308,3.6584526896476746,0.14765312,0.00019879603199999998,0.981743762993763,,,
938,38930,180,215,7045120,0.9,0.8667377398720683,1.9528062343597412,23.70586395263672,-0.0007344601181102917,0.9840085287846482,0.00242532,0.5980103015899658,35.13,856,0.03292083740234375,-0.1700736372731626,3.953799791634083,0.14740736000000002,0.00019832089599999998,0.9840085287846482,,,
945,38930,181,216,7077888,0.85,0.8613756613756614,1.7308411598205566,23.08574676513672,-0.0008226155368902255,0.9818783068783069,0.0021400568,0.6259024143218994,35.25,860,0.03025054931640625,-0.16599581576883793,3.400593623518944,0.1471616,0.00019784575999999999,0.9818783068783069,,,
932,38938,182,217,7110656,0.87,0.8615879828326181,1.688529372215271,23.235727310180664,-0.0002661835569597315,0.9809549356223176,0.002900445,0.6093010902404785,35.27,864,0.0392608642578125,-0.16657896153628826,3.5836233869194984,0.14691584000000002,0.000197370624,0.9809549356223176,,,
927,38922,183,218,7143424,0.88,0.8576051779935275,1.7534233331680298,23.435287475585938,-0.0006425539322663099,0.9809196332254585,0.0018978509,0.6009759902954102,35.71,868,0.02953338623046875,-0.16651347000151873,3.681697405874729,0.14667008,0.000196895488,0.9809196332254585,,,
920,38930,184,219,7176192,0.91,0.8434782608695652,1.85480535030365,23.786447525024414,-0.0009342198427475523,0.9789402173913043,0.0028002397,0.6025536060333252,34.55,872,0.03368377685546875,-0.16684475587680936,3.7241387888789177,0.14642432,0.000196420352,0.9789402173913043,,,
,,,,7208960,,,1.847643256187439,,-0.0006667992201982997,,0.0022938608,0.5965470671653748,,876,0.02822113037109375,-0.16934383707121015,3.7228512167930603,0.14617855999999999,0.00019594521599999997,,33.76,22.557241439819336,0.82
944,38884,185,220,7208960,0.79,0.8601694915254238,,22.196435928344727,,0.9831170550847458,,,34.56,,,,,,,0.9831170550847458,,,
931,38893,186,221,7241728,0.85,0.8528464017185822,1.812219500541687,23.04607582092285,-0.0008241374889621511,0.9829484425349087,0.0019622366,0.6006712913513184,34.92,880,0.03247833251953125,-0.16799565544351935,3.7063906714320183,0.1459328,0.00019547008,0.9829484425349087,,,
959,38892,187,222,7274496,0.86,0.8425443169968717,1.5848666429519653,23.17621421813965,-0.000907422203454189,0.980774244004171,0.001653177,0.6107631921768188,34.78,884,0.02870941162109375,-0.16941571328788996,3.5951336324214935,0.14568704000000002,0.000194994944,0.980774244004171,,,
950,38890,187,223,7307264,0.85,0.8547368421052631,1.8042302131652832,22.907188415527344,-0.0003336310765007511,0.9801973684210527,0.0026524714,0.6019577980041504,33.81,888,0.04003143310546875,-0.16699648881331086,3.9902946427464485,0.14544128,0.000194519808,0.9801973684210527,,,
944,38885,188,224,7340032,0.86,0.8495762711864406,1.732883334159851,23.076335906982422,-0.0005272522212180775,0.9802039194915254,0.0017727129,0.6134617924690247,34.66,892,0.02939605712890625,-0.16537227714434266,3.5971770733594894,0.14519552,0.000194044672,0.9802039194915254,,,
941,38887,189,225,7372800,0.84,0.8660998937300743,1.8506488800048828,22.805265426635742,-0.0010820316165336408,0.9831960680127524,0.0019234136,0.6057815551757812,35.73,896,0.03369903564453125,-0.16721123177558184,3.8361725732684135,0.14494975999999998,0.00019356953599999996,0.9831960680127524,,,
922,38879,190,226,7405568,0.87,0.8579175704989154,1.993190884590149,23.196805953979492,-0.0007152763791964389,0.9823752711496746,0.0019183782,0.6121645569801331,34.19,900,0.02666473388671875,-0.1651245611719787,3.553598202764988,0.144704,0.00019309439999999997,0.9823752711496746,,,
979,38873,191,227,7438336,0.83,0.8590398365679265,1.7885282039642334,22.807504653930664,-0.0010326057381462306,0.9816138917262512,0.0025765616,0.6149425506591797,33.49,904,0.03497314453125,-0.16809992725029588,3.695303753018379,0.14445824000000002,0.000192619264,0.9816138917262512,,,
941,38861,192,228,7471104,0.87,0.8565356004250797,1.963603138923645,23.236557006835938,-0.00089716331785894,0.981336344314559,0.0018034898,0.608934760093689,34.44,908,0.02933502197265625,-0.17102036532014608,3.834328033030033,0.14421248,0.00019214412800000003,0.981336344314559,,,
948,38857,193,229,7503872,0.87,0.8523206751054853,1.899898648262024,23.246665954589844,-0.0005122785823914455,0.9794963080168776,0.0018535674,0.6063835620880127,34.33,912,0.03680419921875,-0.17009546840563416,3.7562028989195824,0.14396672,0.000191668992,0.9794963080168776,,,
942,38843,194,230,7536640,0.87,0.8386411889596603,1.7838170528411865,23.196935653686523,-0.0008865449199220166,0.9772425690021231,0.001990964,0.5951085090637207,34.06,916,0.0283203125,-0.17045646347105503,3.9626108333468437,0.14372096,0.00019119385599999998,0.9772425690021231,,,
937,38824,194,231,7569408,0.83,0.8388473852721452,1.7041653394699097,22.786968231201172,-0.0010523836717766244,0.9799226254002135,0.0021738491,0.5948986411094666,34.03,920,0.03191375732421875,-0.17077887523919344,4.103609822690487,0.1434752,0.00019071871999999998,0.9799226254002135,,,
962,38818,195,232,7602176,0.82,0.8326403326403327,1.8398691415786743,22.62664794921875,-0.0007887109422881622,0.9786252598752598,0.0020014644,0.6067010760307312,34.35,924,0.03469085693359375,-0.1687511010095477,3.9600132182240486,0.14322944,0.00019024358399999999,0.9786252598752598,,,
970,38811,196,233,7634944,0.88,0.8721649484536083,1.9840664863586426,23.33602523803711,-0.0009979439528251532,0.9826030927835051,0.0018605965,0.6022197008132935,34.97,928,0.0281829833984375,-0.17119208350777626,4.1977022886276245,0.14298368,0.000189768448,0.9826030927835051,,,
923,38817,197,234,7667712,0.83,0.8602383531960996,1.6358730792999268,22.816389083862305,-0.0006113325071055442,0.9825297941495125,0.0013015004,0.6210191249847412,34.61,932,0.019683837890625,-0.16792693501338363,3.427787058055401,0.14273792000000002,0.000189293312,0.9825297941495125,,,
937,38834,198,235,7700480,0.83,0.8633938100320171,1.4442495107650757,22.78604507446289,-0.0006706944732286502,0.982657417289221,0.0025268947,0.6233702898025513,34.95,936,0.0361328125,-0.16861110785976052,3.4292796924710274,0.14249216,0.000188818176,0.982657417289221,,,
937,38846,199,236,7733248,0.83,0.8527214514407684,1.9316797256469727,22.766557693481445,-0.0009858160301519092,0.980923159018143,0.0024566457,0.6143679618835449,34.44,940,0.03520965576171875,-0.1688998369500041,3.593932554125786,0.1422464,0.00018834304,0.980923159018143,,,
943,38851,199,237,7766016,0.85,0.8335100742311771,1.9893620014190674,22.996706008911133,-0.0005649737177009229,0.9790562036055143,0.0025975811,0.6107801198959351,34.29,944,0.04067230224609375,-0.16804076824337244,3.7928754314780235,0.14200063999999998,0.00018786790399999997,0.9790562036055143,,,
942,38841,200,238,7798784,0.88,0.8428874734607219,1.9245433807373047,23.375837326049805,-0.0006257679124246351,0.9789676220806794,0.0018121883,0.5992288589477539,35.16,948,0.0295562744140625,-0.170402976218611,4.152647562325001,0.14175488,0.000187392768,0.9789676220806794,,,
946,38838,201,239,7831552,0.86,0.8657505285412262,1.9223806858062744,23.155927658081055,0.0004331969430495519,0.9826902748414377,0.0023752248,0.603661060333252,35.07,952,0.0413665771484375,-0.1718345140106976,3.848198615014553,0.14150912000000002,0.000186917632,0.9826902748414377,,,
,,,,7864320,,,1.9556515216827393,,-0.0004868568357778713,,0.0022684603,0.6134628057479858,,956,0.0316162109375,-0.16945066070184112,3.428021013736725,0.14126336,0.000186442496,,34.52,23.45647621154785,0.88
943,38785,202,240,7864320,0.82,0.8494167550371156,,22.656095504760742,,0.9819724284199364,,,34.9,,,,,,,0.9819724284199364,,,
959,38781,203,241,7897088,0.92,0.8769551616266945,1.8639965057373047,23.88668441772461,-0.0008614665493951179,0.9833159541188738,0.0019267774,0.6125653386116028,34.31,960,0.02901458740234375,-0.16840041149407625,3.6772641241550446,0.1410176,0.00018596736,0.9833159541188738,,,
951,38779,204,242,7929856,0.84,0.85068349106204,1.5455818176269531,22.86630630493164,-0.0007847016822779551,0.9804153522607781,0.0017352689,0.6247645020484924,34.69,964,0.02996063232421875,-0.16734448727220297,3.3057174906134605,0.14077183999999998,0.00018549222399999996,0.9804153522607781,,,
957,38771,205,243,7962624,0.84,0.8401253918495298,2.0674476623535156,22.87671661376953,-0.000930898058868479,0.9798850574712644,0.002061216,0.6015949845314026,34.28,968,0.03058624267578125,-0.16590811545029283,4.020424462854862,0.14052608,0.000185017088,0.9798850574712644,,,
924,38760,206,244,7995392,0.83,0.8614718614718615,2.0237815380096436,22.795766830444336,-0.0008318499822053127,0.9822104978354979,0.0015350204,0.6033248901367188,35.23,972,0.02623748779296875,-0.16847176663577557,4.063651956617832,0.14028032000000001,0.00018454195199999997,0.9822104978354979,,,
937,38768,207,245,8028160,0.89,0.8441835645677694,1.7572500705718994,23.496736526489258,-0.000803569932031678,0.9803895410885806,0.0019557206,0.6047714352607727,34.26,976,0.03615570068359375,-0.16981398919597268,3.6269393861293793,0.14003456,0.00018406681600000003,0.9803895410885806,,,
940,38775,207,246,8060928,0.86,0.8606382978723405,1.7657932043075562,23.1656551361084,-0.0008622636960353702,0.9828457446808511,0.0015459743,0.59495609998703,35.34,980,0.02875518798828125,-0.16895424108952284,4.005687080323696,0.1397888,0.00018359168,0.9828457446808511,,,
955,38772,208,247,8093696,0.83,0.8670157068062827,1.698625087738037,22.676084518432617,-0.0007671674102311954,0.9808246073298429,0.0022006687,0.6242814064025879,34.91,984,0.0309600830078125,-0.16647680569440126,3.3876518681645393,0.13954304,0.00018311654399999998,0.9808246073298429,,,
940,38776,209,248,8126464,0.88,0.8648936170212767,1.8483351469039917,23.345327377319336,-0.0008023317750485148,0.9831117021276595,0.0025390172,0.6030086278915405,35.67,988,0.03664398193359375,-0.17069759033620358,3.7084911540150642,0.13929728,0.00018264140799999998,0.9831117021276595,,,
929,38780,210,249,8159232,0.85,0.8611410118406889,1.6255087852478027,22.9261474609375,-0.0006118360652180854,0.981229817007535,0.0015566202,0.6200171709060669,34.85,992,0.0316314697265625,-0.16760029271245003,3.453388176858425,0.13905152,0.000182166272,0.981229817007535,,,
955,38791,211,250,8192000,0.82,0.8534031413612565,1.7427188158035278,22.596067428588867,-0.0009369399776915088,0.9820026178010471,0.0020529826,0.6132361888885498,34.93,996,0.0394134521484375,-0.1676471815444529,3.5933837816119194,0.13880576,0.00018169113600000002,0.9820026178010471,,,
940,38779,212,251,8224768,0.85,0.8638297872340426,1.8224289417266846,22.956987380981445,-0.0005904286445002072,0.9825797872340426,0.0015492018,0.6151480078697205,34.01,1000,0.0342559814453125,-0.16815463779494166,3.743500165641308,0.13856000000000002,0.000181216,0.9825797872340426,,,
932,38781,212,252,8257536,0.86,0.8615879828326181,2.0203614234924316,23.11678695678711,-0.0008387799389311112,0.9805525751072961,0.0019659612,0.6141109466552734,34.21,1004,0.032196044921875,-0.1651262347586453,3.6726105883717537,0.13831424,0.000180740864,0.9805525751072961,,,
948,38776,213,253,8290304,0.88,0.8428270042194093,1.8288557529449463,23.356103897094727,-0.0008471428009215742,0.9792325949367089,0.0017127042,0.6083235740661621,34.89,1008,0.02826690673828125,-0.16846331302076578,3.6934020668268204,0.13806848,0.000180265728,0.9792325949367089,,,
950,38781,214,254,8323072,0.82,0.8631578947368421,2.1258394718170166,22.61611557006836,-0.000665093437419273,0.9809210526315789,0.0018579476,0.5967300534248352,34.88,1012,0.02646636962890625,-0.1654201545752585,4.027056649327278,0.13782272,0.000179790592,0.9809210526315789,,,
944,38777,215,255,8355840,0.86,0.864406779661017,1.8751300573349,23.176286697387695,-0.0006356360754580237,0.9800052966101694,0.0015774319,0.5899895429611206,34.71,1016,0.027008056640625,-0.16265331022441387,3.865544877946377,0.13757696,0.000179315456,0.9800052966101694,,,
935,38773,216,256,8388608,0.88,0.8545454545454545,1.8744555711746216,23.39582061767578,-0.000617612819041824,0.9828877005347594,0.0017689891,0.5876548290252686,35.18,1020,0.0287628173828125,-0.16834649769589305,3.8037218675017357,0.13733120000000001,0.00017884032,0.9828877005347594,,,
927,38774,217,257,8421376,0.79,0.8478964401294499,1.6916096210479736,22.256855010986328,-0.0007985915144672617,0.9806499460625674,0.0022778723,0.6235277652740479,34.14,1024,0.03400421142578125,-0.16662208456546068,3.4727610126137733,0.13708544,0.00017836518400000001,0.9806499460625674,,,
934,38773,218,258,8454144,0.8,0.8340471092077087,1.7306851148605347,22.26607894897461,-0.0007352326902037021,0.9784528907922913,0.001748825,0.615678071975708,34.92,1028,0.03321075439453125,-0.16431688703596592,3.7578630596399307,0.13683968000000002,0.000177890048,0.9784528907922913,,,
934,38778,218,259,8486912,0.87,0.8522483940042827,2.0600411891937256,23.31645965576172,-0.000522923881362658,0.9805942184154176,0.0012597009,0.6019558906555176,34.54,1032,0.0244293212890625,-0.16559957852587104,4.25330700725317,0.13659391999999998,0.00017741491199999997,0.9805942184154176,,,
,,,,8519680,,,1.8432589769363403,,-0.0008026650284591597,,0.0012880608,0.6106931567192078,,1036,0.0195770263671875,-0.1655372316017747,3.8471012711524963,0.13634816,0.000176939776,,34.16,23.426841735839844,0.88
954,38742,219,260,8519680,0.85,0.8490566037735849,,23.086530685424805,,0.9792976939203354,,,34.47,,,,,,,0.9792976939203354,,,
961,38755,220,261,8552448,0.83,0.8605619146722164,1.804626226425171,22.74683380126953,-0.0007000591067480855,0.9831555671175859,0.001959516,0.6063870191574097,34.16,1040,0.0260772705078125,-0.16432797955349088,3.9309663847088814,0.1361024,0.00017646464000000003,0.9831555671175859,,,
937,38758,221,262,8585216,0.84,0.855923159018143,1.9768751859664917,22.925647735595703,-0.0006231233128346503,0.981790288153682,0.0015019049,0.6176625490188599,35.35,1044,0.02600860595703125,-0.16626351652666926,3.6199458315968513,0.13585664000000003,0.000175989504,0.981790288153682,,,
955,38759,222,263,8617984,0.87,0.8638743455497382,1.7847553491592407,23.246519088745117,-0.000864747038576752,0.981020942408377,0.0015568794,0.6181825399398804,34.48,1048,0.029937744140625,-0.16597258020192385,3.6935548782348633,0.13561088,0.000175514368,0.981020942408377,,,
930,38772,223,264,8650752,0.77,0.8440860215053764,1.7387131452560425,22.005895614624023,-0.0005661572540702764,0.9811155913978494,0.0018945481,0.6095842123031616,35.1,1052,0.03192901611328125,-0.16489367885515094,3.687900200486183,0.13536512,0.00017503923199999998,0.9811155913978494,,,
943,38779,223,265,8683520,0.89,0.8494167550371156,1.8605048656463623,23.516220092773438,-0.0006671911069133785,0.9795201484623541,0.001546685,0.6081817150115967,34.78,1056,0.0297393798828125,-0.16614539548754692,3.940568119287491,0.13511936,0.000174564096,0.9795201484623541,,,
921,38787,224,266,8716288,0.87,0.8621064060803475,1.8074053525924683,23.305435180664062,-0.0008303612012241501,0.9831704668838219,0.0018203388,0.6079991459846497,35.56,1060,0.03231048583984375,-0.16947700968012214,3.812134638428688,0.13487359999999998,0.00017408896,0.9831704668838219,,,
945,38793,225,267,8749056,0.8,0.8444444444444444,1.68446946144104,22.2966365814209,-0.0008830028164084069,0.980489417989418,0.0017249116,0.6163963079452515,34.36,1064,0.03177642822265625,-0.16819504415616393,3.4764250218868256,0.13462784,0.00017361382400000002,0.980489417989418,,,
927,38801,226,268,8781824,0.84,0.8468176914778857,1.8867602348327637,22.886455535888672,-0.0010638372041285038,0.9807847896440129,0.0015941511,0.6037776470184326,34.54,1068,0.03047943115234375,-0.16518318792805076,3.926621623337269,0.13438208000000001,0.000173138688,0.9807847896440129,,,
935,38809,227,269,8814592,0.86,0.8652406417112299,1.8729180097579956,23.215974807739258,-0.0009481385823164601,0.9828877005347594,0.0020190936,0.6128601431846619,35.02,1072,0.033203125,-0.16888872347772121,3.8533889576792717,0.13413632,0.000172663552,0.9828877005347594,,,
948,38812,227,270,8847360,0.86,0.8618143459915611,1.7690070867538452,23.046831130981445,-0.0007824135027476586,0.9841112869198312,0.0018420385,0.6182411313056946,34.17,1076,0.02994537353515625,-0.16772521054372191,3.5012419298291206,0.13389056,0.00017218841599999998,0.9841112869198312,,,
921,38820,228,271,8880128,0.85,0.8664495114006515,1.8891912698745728,23.076555252075195,-0.0008039748136070557,0.9835776330076005,0.0013669605,0.6241519451141357,34.44,1080,0.02838134765625,-0.16689825942739844,3.505788341164589,0.1336448,0.00017171328,0.9835776330076005,,,
945,38823,229,272,8912896,0.77,0.8603174603174604,1.7702299356460571,21.9162540435791,-0.000717066643119324,0.9794973544973545,0.0016913519,0.6249107122421265,34.74,1084,0.03391265869140625,-0.16819719271734357,3.4235157147049904,0.13339904,0.00017123814399999998,0.9794973544973545,,,
957,38828,230,273,8945664,0.77,0.8484848484848485,1.850419521331787,22.026609420776367,-0.0009039301621669438,0.9805381400208987,0.002019864,0.5933243036270142,34.39,1088,0.03539276123046875,-0.16792606795206666,3.817576013505459,0.13315328,0.000170763008,0.9805381400208987,,,
923,38822,231,274,8978432,0.91,0.856988082340195,1.9536070823669434,23.71686553955078,-0.0008533268519386183,0.9799566630552546,0.0017890637,0.5901558995246887,34.13,1092,0.03084564208984375,-0.16856187535449862,4.068355776369572,0.13290752,0.000170287872,0.9799566630552546,,,
951,38819,232,275,9011200,0.86,0.85068349106204,1.8096696138381958,23.10544204711914,-0.0009402768264408223,0.9802839116719243,0.0016004511,0.5986168384552002,35.55,1096,0.03558349609375,-0.16845934558659792,3.602821946144104,0.13266176,0.000169812736,0.9802839116719243,,,
937,38809,233,276,9043968,0.79,0.8633938100320171,1.7470495700836182,22.356468200683594,-0.0004755805275635794,0.9844583778014941,0.0020391173,0.5940717458724976,34.53,1100,0.035675048828125,-0.16754625597968698,3.838041678071022,0.13241599999999998,0.00016933759999999997,0.9844583778014941,,,
945,38823,233,277,9076736,0.86,0.8455026455026455,1.8686728477478027,23.065977096557617,-0.0009031521913129836,0.9773809523809524,0.0014148937,0.6064674854278564,35.02,1104,0.031005859375,-0.16750282887369394,3.68189500272274,0.13217024,0.000168862464,0.9773809523809524,,,
934,38825,234,278,9109504,0.86,0.8683083511777302,1.9682060480117798,23.156274795532227,-0.0009256076591555029,0.9832039614561028,0.0018765249,0.5841799974441528,34.72,1108,0.03240203857421875,-0.1637751329690218,4.033160284161568,0.13192448,0.00016838732800000003,0.9832039614561028,,,
947,38831,235,279,9142272,0.93,0.8658922914466737,1.7159993648529053,23.985328674316406,-0.0007216080011858139,0.981388595564942,0.0015195382,0.610914945602417,35.67,1112,0.0290374755859375,-0.16754946438595653,3.449112318456173,0.13167872,0.000167912192,0.981388595564942,,,
,,,,9175040,,,1.6818857192993164,,-0.0007747890595055651,,0.0015097719,0.6139276027679443,,1116,0.026885986328125,-0.16812084894627333,3.499171055853367,0.13143296,0.00016743705599999998,,34.77,23.976228713989258,0.93
918,38793,236,280,9175040,0.88,0.8801742919389978,,23.425649642944336,,0.9848856209150327,,,35.35,,,,,,,0.9848856209150327,,,
952,38790,237,281,9207808,0.9,0.8634453781512605,1.7028005123138428,23.705686569213867,-0.000811448902823031,0.9852941176470589,0.0019171233,0.6447781324386597,35.31,1120,0.0335540771484375,-0.1647711112163961,2.966763883829117,0.1311872,0.00016696191999999999,0.9852941176470589,,,
946,38784,238,282,9240576,0.83,0.861522198731501,1.739145040512085,22.825973510742188,-0.000545251154107973,0.9831527484143763,0.0017937927,0.6370010375976562,35.02,1124,0.03391265869140625,-0.1700614746659994,3.451256237924099,0.13094144000000002,0.00016648678400000002,0.9831527484143763,,,
930,38782,239,283,9273344,0.92,0.8591397849462366,1.8726478815078735,23.9661865234375,-0.0007588987427880056,0.9822580645161291,0.0018889273,0.6375827789306641,34.81,1128,0.03277587890625,-0.16895793844014406,3.6049101427197456,0.13069567999999998,0.000166011648,0.9822580645161291,,,
928,38782,239,284,9306112,0.89,0.8556034482758621,1.6498072147369385,23.55687713623047,-0.0007854608011257369,0.9815463362068966,0.0017685792,0.6340878009796143,34.12,1132,0.03087615966796875,-0.16793082747608423,3.412079118192196,0.13044992,0.00016553651200000002,0.9815463362068966,,,
964,38782,240,285,9338880,0.83,0.8599585062240664,1.7791472673416138,22.766368865966797,-0.0006826347635069396,0.9813926348547718,0.0017716245,0.6201671361923218,34.63,1136,0.03192901611328125,-0.17076488537713885,3.6474002301692963,0.13020416,0.000165061376,0.9813926348547718,,,
925,38783,241,286,9371648,0.91,0.8648648648648649,1.797155737876892,23.805194854736328,-0.0006147429339762311,0.9822972972972973,0.001487975,0.6096665859222412,35.8,1140,0.02977752685546875,-0.16769848624244332,3.7038587778806686,0.1299584,0.00016458624,0.9822972972972973,,,
945,38784,242,287,9404416,0.86,0.8582010582010582,1.637664556503296,23.126455307006836,-0.0007374045671895146,0.9819444444444444,0.0013252782,0.6244882345199585,34.54,1144,0.0240478515625,-0.16377352643758059,3.3743687123060226,0.12971264,0.00016411110399999998,0.9819444444444444,,,
931,38795,243,288,9437184,0.88,0.8592910848549946,1.8350225687026978,23.4151668548584,-0.0008231132451328449,0.9836197636949516,0.0020434596,0.6219984292984009,35.83,1148,0.035003662109375,-0.16816792450845242,3.470962569117546,0.12946688,0.000163635968,0.9836197636949516,,,
933,38803,244,289,9469952,0.86,0.8435155412647374,1.7594542503356934,23.145824432373047,-0.0005786844194517471,0.9780948553054662,0.0015575886,0.6216646432876587,35.17,1152,0.03124237060546875,-0.16628427617251873,3.6329983323812485,0.12922112000000002,0.000163160832,0.9780948553054662,,,
928,38804,244,290,9502720,0.84,0.8717672413793104,1.9575200080871582,22.885822296142578,-0.0006391473434632644,0.984375,0.0013697118,0.6031439900398254,35.17,1156,0.02997589111328125,-0.16729736234992743,4.007863096892834,0.12897536,0.00016268569600000002,0.984375,,,
924,38810,245,291,9535488,0.84,0.8679653679653679,1.5979498624801636,22.8260440826416,-0.0008215485213440843,0.9824134199134199,0.0010397173,0.634148359298706,34.95,1160,0.0272216796875,-0.1679641450755298,3.261805921792984,0.1287296,0.00016221056,0.9824134199134199,,,
934,38818,246,292,9568256,0.84,0.8597430406852249,1.6962627172470093,22.89568328857422,-0.0008233804474002682,0.9811964668094219,0.0015595582,0.6157102584838867,35.31,1164,0.0306854248046875,-0.16723571810871363,3.4867853969335556,0.12848384,0.000161735424,0.9811964668094219,,,
949,38823,247,293,9601024,0.84,0.8566912539515279,1.8221101760864258,22.785547256469727,-0.0007177161933213938,0.9827449947312961,0.0018850239,0.6090244054794312,35.45,1168,0.03444671630859375,-0.16850676340982318,3.5789708122611046,0.12823807999999998,0.00016126028799999997,0.9827449947312961,,,
930,38834,248,294,9633792,0.92,0.867741935483871,1.8752586841583252,23.906118392944336,-0.0005747897739638574,0.982997311827957,0.0013267323,0.6083714962005615,34.88,1172,0.03232574462890625,-0.16412358777597547,3.7913986146450043,0.12799232,0.000160785152,0.982997311827957,,,
939,38841,248,295,9666560,0.87,0.8562300319488818,1.6582430601119995,23.196735382080078,-0.000829434378829319,0.9826277955271565,0.0014015427,0.618117094039917,34.26,1176,0.03076171875,-0.16330462787300348,3.5290354564785957,0.12774656,0.000160310016,0.9826277955271565,,,
921,38844,249,296,9699328,0.88,0.8653637350705755,1.6596099138259888,23.326528549194336,-0.001080150956113357,0.9835776330076005,0.0012841616,0.6287387013435364,34.47,1180,0.0284271240234375,-0.1636926420032978,3.5731414183974266,0.1275008,0.00015983488,0.9835776330076005,,,
939,38849,250,297,9732096,0.85,0.8679446219382322,1.7886043787002563,22.795923233032227,-0.0007050696003716439,0.9830271565495208,0.0017567709,0.6304559111595154,35.07,1184,0.029815673828125,-0.16455432958900928,3.568241208791733,0.12725503999999999,0.00015935974399999999,0.9830271565495208,,,
948,38852,251,298,9764864,0.86,0.880801687763713,1.7609373331069946,23.086244583129883,-0.000535568982741097,0.9842431434599156,0.0016274331,0.6271579265594482,34.75,1188,0.03179168701171875,-0.16583883995190263,3.500109389424324,0.12700928,0.000158884608,0.9842431434599156,,,
933,38857,252,299,9797632,0.87,0.8456591639871383,1.808563232421875,23.276887893676758,-0.00035216730248066597,0.9785637727759914,0.00163375,0.6246614456176758,34.11,1192,0.03240966796875,-0.1645900085568428,3.2718597650527954,0.12676352000000002,0.000158409472,0.9785637727759914,,,
,,,,9830400,,,1.8499455451965332,,-0.0005444903326861095,,0.0010103703,0.598353385925293,,1196,0.0246429443359375,-0.16507543716579676,3.9417025297880173,0.12651776,0.00015793433600000002,,33.64,23.04735565185547,0.86
934,38830,253,300,9830400,0.87,0.8661670235546038,,23.355266571044922,,0.9816648822269807,,,35.73,,,,,,,0.9816648822269807,,,
951,38835,253,301,9863168,0.9,0.886435331230284,1.6082500219345093,23.676036834716797,-0.0006413988739950582,0.9856072555205048,0.0013578439,0.6166112422943115,34.96,1200,0.03119659423828125,-0.16528425877913833,3.4715535566210747,0.126272,0.00015745920000000003,0.9856072555205048,,,
942,38832,254,302,9895936,0.85,0.8726114649681529,1.4280879497528076,23.076576232910156,-0.000514025945449248,0.9842754777070064,0.001116931,0.6366950273513794,34.42,1204,0.0222015380859375,-0.16452594147995114,3.0029842406511307,0.12602624,0.000156984064,0.9842754777070064,,,
924,38834,255,303,9928704,0.91,0.8474025974025974,1.6165066957473755,23.77548599243164,-0.00046065398055361584,0.9780167748917749,0.001349381,0.6273981332778931,35.51,1208,0.0336151123046875,-0.16515351552516222,3.3392930775880814,0.12578048,0.00015650892799999998,0.9780167748917749,,,
947,38842,256,304,9961472,0.9,0.8817317845828934,1.9821624755859375,23.696035385131836,-0.0005754853082180489,0.9848204857444561,0.0013112844,0.6038385033607483,34.96,1212,0.024688720703125,-0.16529186023399234,3.9404778480529785,0.12553472,0.00015603379199999998,0.9848204857444561,,,
919,38843,257,305,9994240,0.87,0.8770402611534276,1.6305203437805176,23.295915603637695,-0.0005711425910703838,0.9836099020674647,0.0011498871,0.6389352083206177,35.08,1216,0.02816009521484375,-0.16288214828819036,3.1897391080856323,0.12528896,0.000155558656,0.9836099020674647,,,
930,38844,258,306,10027008,0.82,0.8666666666666667,1.635203242301941,22.615615844726562,-0.0006572077982127666,0.9814516129032258,0.0011904672,0.6266850233078003,35.38,1220,0.0258026123046875,-0.16477998904883862,3.3852123767137527,0.12504320000000002,0.00015508352000000002,0.9814516129032258,,,
940,38848,258,307,10059776,0.88,0.8787234042553191,1.496563196182251,23.425851821899414,-0.0008602719171904027,0.9852393617021277,0.0013427153,0.620044469833374,35.14,1224,0.02896881103515625,-0.1650733668357134,3.5087141022086143,0.12479744000000001,0.00015460838400000002,0.9852393617021277,,,
930,38851,259,308,10092544,0.9,0.867741935483871,1.604472279548645,23.71631622314453,-0.0006449028696806636,0.9838709677419355,0.00135934,0.6341079473495483,34.68,1228,0.02854156494140625,-0.1652671187184751,3.259726330637932,0.12455168,0.000154133248,0.9838709677419355,,,
947,38855,260,309,10125312,0.86,0.8511087645195353,1.5184670686721802,23.136306762695312,-0.0006586380113731138,0.980266631467793,0.0013190885,0.6471602916717529,34.69,1232,0.0331878662109375,-0.16596351703628898,3.2215805128216743,0.12430591999999999,0.000153658112,0.980266631467793,,,
920,38854,261,310,10158080,0.91,0.8630434782608696,1.8051217794418335,23.75616455078125,-0.0004781118805112783,0.980366847826087,0.00197182,0.6182404160499573,34.83,1236,0.03504180908203125,-0.1677524815313518,3.8871333599090576,0.12406016,0.000153182976,0.980366847826087,,,
953,38851,262,311,10190848,0.87,0.8646379853095488,1.7282154560089111,23.285306930541992,-0.000627958226687042,0.9846537250786989,0.0010942685,0.6291592121124268,35.69,1240,0.025634765625,-0.16621374525129795,3.523468352854252,0.12381439999999999,0.00015270784,0.9846537250786989,,,
944,38847,263,312,10223616,0.9,0.8877118644067796,1.7689460515975952,23.65538787841797,-0.0005631612948491238,0.9872219279661016,0.0014868829,0.630407452583313,35.61,1244,0.027099609375,-0.163590082898736,3.5585528910160065,0.12356864000000001,0.000152232704,0.9872219279661016,,,
931,38857,263,313,10256384,0.88,0.8689581095596133,1.5364564657211304,23.425527572631836,-0.00036068497865926474,0.9843582169709989,0.0015559465,0.6375468373298645,35.47,1248,0.02692413330078125,-0.16620188020169735,3.099915601313114,0.12332288,0.000151757568,0.9843582169709989,,,
940,38862,264,314,10289152,0.84,0.8457446808510638,1.6846879720687866,22.89685821533203,-0.0003911095864168601,0.9810505319148937,0.0013483958,0.6307118535041809,34.14,1252,0.02811431884765625,-0.16527043469250202,3.3705650940537453,0.12307712,0.000151282432,0.9810505319148937,,,
928,38857,265,315,10321920,0.79,0.8523706896551724,1.8747167587280273,22.256175994873047,-0.0007342493445321452,0.9822871767241379,0.0011713164,0.6134700179100037,34.82,1256,0.0249786376953125,-0.16404246725142002,3.8632944226264954,0.12283136,0.00015080729600000002,0.9822871767241379,,,
928,38859,266,316,10354688,0.85,0.865301724137931,1.78635573387146,23.0867862701416,-0.0006937187863513827,0.9834994612068966,0.0013719172,0.6228318214416504,34.21,1260,0.0271148681640625,-0.1632668417878449,3.684575565159321,0.1225856,0.00015033216,0.9834994612068966,,,
943,38872,267,317,10387456,0.83,0.8769883351007424,1.7551488876342773,22.796432495117188,-0.0005323737859725952,0.9838944856839873,0.0013196089,0.6271753311157227,34.56,1264,0.0282440185546875,-0.1660539135336876,3.44270146638155,0.12233983999999999,0.000149857024,0.9838944856839873,,,
940,38876,268,318,10420224,0.87,0.8691489361702127,1.6800379753112793,23.216388702392578,-0.0005585198668995872,0.9828457446808511,0.0010634192,0.6209211349487305,34.61,1268,0.0288238525390625,-0.1638703658245504,3.4056925773620605,0.12209408000000001,0.000149381888,0.9828457446808511,,,
935,38877,268,319,10452992,0.89,0.8652406417112299,1.6508394479751587,23.56488800048828,-0.0007351077802013606,0.9833556149732621,0.0015789212,0.6313605904579163,36.11,1272,0.03466796875,-0.1661537904292345,3.3357488214969635,0.12184832,0.000148906752,0.9833556149732621,,,
,,,,10485760,,,1.7688241004943848,,-0.0003692736390803475,,0.0010517772,0.6275084018707275,,1276,0.02968597412109375,-0.16289869742468,3.5012005120515823,0.12160256,0.00014843161599999998,,34.22,23.186777114868164,0.87
933,38855,269,320,10485760,0.81,0.857449088960343,,22.45525550842285,,0.9807743837084673,,,35.74,,,,,,,0.9807743837084673,,,
944,38852,270,321,10518528,0.83,0.8665254237288136,1.972710371017456,22.666458129882812,-0.0006539056012115907,0.9799390889830508,0.0013414714,0.60551518201828,34.54,1280,0.03076934814453125,-0.16720113856717944,3.8426721394062042,0.1213568,0.00014795648,0.9799390889830508,,,
920,38853,271,322,10551296,0.88,0.8706521739130435,1.8824821710586548,23.365459442138672,-0.0006444972786994185,0.9839673913043478,0.0013125374,0.5949433445930481,35.54,1284,0.0274200439453125,-0.1674649529159069,3.868566870689392,0.12111104,0.000147481344,0.9839673913043478,,,
948,38860,272,323,10584064,0.83,0.880801687763713,1.7029898166656494,22.806297302246094,-0.0007026724779279903,0.9854298523206751,0.0011620899,0.6249585151672363,34.7,1288,0.0260467529296875,-0.16526898322626948,3.2979912757873535,0.12086528,0.00014700620800000002,0.9854298523206751,,,
943,38864,273,324,10616832,0.85,0.8600212089077413,1.5014350414276123,22.9266357421875,-0.0009349073807243258,0.9799178154825027,0.0012262588,0.632645845413208,34.36,1292,0.02552032470703125,-0.16479966370388865,3.1755109801888466,0.12061952000000001,0.000146531072,0.9799178154825027,,,
928,38867,274,325,10649600,0.84,0.8760775862068966,1.819233775138855,22.826997756958008,-0.0010464224324095994,0.9842403017241379,0.0015013949,0.603817343711853,34.0,1296,0.03157806396484375,-0.16644394723698497,3.7936669886112213,0.12037376,0.000146055936,0.9842403017241379,,,
931,38863,274,326,10682368,0.89,0.8796992481203008,1.6604690551757812,23.615135192871094,-0.0006155184419185389,0.985298066595059,0.0008815477,0.6318503618240356,35.86,1300,0.0233612060546875,-0.16748632490634918,3.327375017106533,0.12012800000000001,0.00014558080000000003,0.985298066595059,,,
934,38867,275,327,10715136,0.89,0.8661670235546038,1.3529003858566284,23.485736846923828,-0.00037134004014660604,0.9817317987152034,0.0013060835,0.6467454433441162,35.26,1304,0.02860260009765625,-0.16346815740689635,3.116493433713913,0.11988224,0.000145105664,0.9817317987152034,,,
945,38863,276,328,10747904,0.9,0.8539682539682539,1.831220030784607,23.65503692626953,-0.0005810559578094399,0.9793650793650793,0.0011419652,0.6188368797302246,35.96,1308,0.0240936279296875,-0.16424498474225402,3.627406843006611,0.11963647999999999,0.00014463052799999998,0.9793650793650793,,,
947,38863,277,329,10780672,0.83,0.8648363252375924,1.898526668548584,22.785924911499023,-0.0006907034039613791,0.9827085533262936,0.0012095133,0.6142550706863403,35.07,1312,0.02935791015625,-0.16486192727461457,3.780948504805565,0.11939072,0.000144155392,0.9827085533262936,,,
944,38869,278,330,10813440,0.87,0.8633474576271186,1.7647775411605835,23.13585662841797,-0.0007267601904459298,0.9807997881355932,0.0013040265,0.63019859790802,35.14,1316,0.02739715576171875,-0.1669281991198659,3.514273591339588,0.11914496,0.00014368025600000001,0.9807997881355932,,,
939,38868,279,331,10846208,0.88,0.8604898828541001,1.861804723739624,23.326377868652344,-0.0007497402912122197,0.9811634717784877,0.0012212532,0.6161407828330994,34.62,1320,0.0285797119140625,-0.1671675662510097,3.6694061905145645,0.1188992,0.00014320512,0.9811634717784877,,,
918,38869,279,332,10878976,0.91,0.8660130718954249,1.9088072776794434,23.715007781982422,-0.0006601729037356563,0.982911220043573,0.0013440752,0.6188616752624512,35.99,1324,0.0325164794921875,-0.16560588171705604,3.6581659466028214,0.11865344,0.00014272998400000002,0.982911220043573,,,
930,38867,280,333,10911744,0.9,0.875268817204301,1.6899046897888184,23.636632919311523,-0.00074740283889696,0.9809139784946237,0.001237764,0.6422210931777954,34.36,1328,0.03089141845703125,-0.16471085511147976,3.2154501229524612,0.11840768,0.000142254848,0.9809139784946237,,,
959,38866,281,334,10944512,0.86,0.8550573514077163,1.7932229042053223,23.165855407714844,-0.0004790906314156018,0.9825338894681961,0.0014674801,0.6176042556762695,35.14,1332,0.0320587158203125,-0.16644839150831103,3.4824221953749657,0.11816191999999999,0.000141779712,0.9825338894681961,,,
926,38867,282,335,10977280,0.87,0.8671706263498921,1.907609462738037,23.176137924194336,-0.000626830635155784,0.9819789416846653,0.0011427584,0.6254262924194336,34.86,1336,0.03043365478515625,-0.1645356584340334,3.708550050854683,0.11791616,0.000141304576,0.9819789416846653,,,
930,38872,283,336,11010048,0.85,0.8505376344086022,1.8288317918777466,23.045814514160156,-0.00038381961712730117,0.9810483870967742,0.0014579291,0.6171207427978516,35.18,1340,0.03301239013671875,-0.1656750813126564,3.6456706300377846,0.1176704,0.00014082944,0.9810483870967742,,,
941,38870,284,337,11042816,0.84,0.8607863974495218,1.7603954076766968,22.86620330810547,-0.000637167293461971,0.9830632306057385,0.0008995789,0.6196874380111694,34.79,1344,0.0235443115234375,-0.16751091508194804,3.7012510746717453,0.11742464000000001,0.000140354304,0.9830632306057385,,,
924,38867,284,338,11075584,0.83,0.8614718614718615,1.7885189056396484,22.74603843688965,-0.000553508238226641,0.9820075757575758,0.0012751245,0.6214437484741211,34.96,1348,0.03281402587890625,-0.1664875103160739,3.6086583212018013,0.11717888,0.000139879168,0.9820075757575758,,,
927,38869,285,339,11108352,0.89,0.866235167206041,1.7900171279907227,23.485803604125977,-0.0007012319983914495,0.981593851132686,0.0008796521,0.6197037696838379,35.19,1352,0.02032470703125,-0.1672246130183339,3.5824688971042633,0.11693312,0.000139404032,0.981593851132686,,,
,,,,11141120,,,1.6122649908065796,,-0.0004992761969333515,,0.0016172677,0.6249701976776123,,1356,0.03585052490234375,-0.16584531590342522,3.437177412211895,0.11668736,0.00013892889600000002,,35.16,24.055835723876953,0.93
927,38825,286,340,11141120,0.89,0.86084142394822,,23.56612777709961,,0.9846278317152104,,,34.87,,,,,,,0.9846278317152104,,,
939,38824,287,341,11173888,0.87,0.8817891373801917,1.5975713729858398,23.30608558654785,-0.0006048438372090459,0.9839589989350372,0.001015875,0.6462403535842896,34.91,1360,0.02948760986328125,-0.16659134393557906,3.2739617601037025,0.1164416,0.00013845376,0.9839589989350372,,,
917,38817,288,342,11206656,0.83,0.8745910577971646,1.6098419427871704,22.725343704223633,-0.0007015548981144093,0.9848691384950927,0.0009902876,0.6344378590583801,35.65,1364,0.022857666015625,-0.16711242264136672,3.1870143339037895,0.11619584,0.000137978624,0.9848691384950927,,,
949,38822,289,343,11239424,0.85,0.8566912539515279,1.5816398859024048,23.046405792236328,-0.0008216978167183697,0.9805716543730242,0.0015598107,0.6499409079551697,34.59,1368,0.0370635986328125,-0.16801399970427155,2.9986337944865227,0.11595008000000001,0.000137503488,0.9805716543730242,,,
941,38827,290,344,11272192,0.82,0.8575982996811902,1.8056414127349854,22.566102981567383,-0.0006611461467400659,0.9807385759829969,0.0010385453,0.6223375797271729,34.89,1372,0.02774810791015625,-0.17124573700129986,3.7197365909814835,0.11570432,0.000137028352,0.9807385759829969,,,
938,38828,291,345,11304960,0.87,0.8901918976545842,1.77554190158844,23.226085662841797,-0.0008949065268097911,0.9858075692963753,0.0014685362,0.6155391335487366,34.91,1376,0.028045654296875,-0.16860437160357833,3.7085835114121437,0.11545855999999999,0.00013655321599999998,0.9858075692963753,,,
976,38836,291,346,11337728,0.85,0.8719262295081968,1.4336923360824585,22.995628356933594,-0.00029809823899995536,0.9834784836065574,0.0015461997,0.6397112607955933,35.37,1380,0.03842926025390625,-0.1689409534446895,3.0185720920562744,0.1152128,0.00013607808,0.9834784836065574,,,
899,38838,292,347,11370496,0.88,0.8598442714126807,1.9716473817825317,23.40560531616211,-0.0006367228816088755,0.9828281423804227,0.0009181171,0.6112419366836548,35.39,1384,0.02367401123046875,-0.16891649225726724,3.6281923055648804,0.11496703999999999,0.000135602944,0.9828281423804227,,,
933,38847,293,348,11403264,0.92,0.8831725616291533,1.845941424369812,23.905899047851562,-0.00011569604248506948,0.985061629153269,0.0015288384,0.622990071773529,35.1,1388,0.03553009033203125,-0.16846302850171924,3.5211553275585175,0.11472128,0.000135127808,0.985061629153269,,,
951,38853,294,349,11436032,0.86,0.8696109358569927,1.3787866830825806,23.215993881225586,-0.0005053800887253601,0.9827812828601472,0.0011042642,0.6390737295150757,35.0,1392,0.02691650390625,-0.1679549114778638,3.116523914039135,0.11447552,0.000134652672,0.9827812828601472,,,
933,38855,295,350,11468800,0.93,0.8670953912111469,1.6042739152908325,24.055307388305664,-0.0005971403152216226,0.982516077170418,0.0012548256,0.6265255212783813,35.69,1396,0.03356170654296875,-0.16696883644908667,3.4845805019140244,0.11422976,0.000134177536,0.982516077170418,,,
904,38854,296,351,11501568,0.85,0.8882743362831859,1.6620067358016968,22.97570037841797,-0.0008616733466624282,0.9852737831858407,0.0012083224,0.628014862537384,35.29,1400,0.02530670166015625,-0.16967305075377226,3.428768038749695,0.113984,0.00013370240000000003,0.9852737831858407,,,
934,38861,296,352,11534336,0.91,0.8629550321199143,1.577355980873108,23.755348205566406,-0.0007202970300568268,0.9819325481798715,0.0011693249,0.6363188028335571,35.65,1404,0.0276336669921875,-0.1673696506768465,3.0266055539250374,0.11373824,0.000133227264,0.9819325481798715,,,
938,38864,297,353,11567104,0.83,0.8688699360341151,1.5640168190002441,22.766403198242188,-0.00033407060254830867,0.9830090618336887,0.0011259627,0.6360714435577393,34.59,1408,0.02802276611328125,-0.16895186761394143,3.251481309533119,0.11349247999999999,0.00013275212799999998,0.9830090618336887,,,
941,38856,298,354,11599872,0.85,0.8575982996811902,1.8631007671356201,22.935930252075195,-0.0006019746942911297,0.9806721572794899,0.0010443355,0.6367055773735046,35.07,1412,0.0276947021484375,-0.16878416808322072,3.2499616146087646,0.11324672000000001,0.000132276992,0.9806721572794899,,,
925,38852,299,355,11632640,0.88,0.8540540540540541,1.6544585227966309,23.396116256713867,-0.0006149959262984339,0.9808108108108108,0.0010032037,0.6114232540130615,34.88,1416,0.024200439453125,-0.1686091641895473,3.764289930462837,0.11300096,0.00013180185600000002,0.9808108108108108,,,
947,38856,300,356,11665408,0.86,0.8785638859556494,1.708290934562683,23.105974197387695,-0.0006939638151379768,0.9832365364308342,0.0011592889,0.6090626120567322,35.02,1420,0.032135009765625,-0.1691388306207955,3.7645052522420883,0.11275519999999999,0.00013132672,0.9832365364308342,,,
925,38861,301,357,11698176,0.89,0.865945945945946,1.549536108970642,23.53484535217285,-0.0006617573926632758,0.984527027027027,0.0010239478,0.6193842887878418,36.15,1424,0.02985382080078125,-0.16739705298095942,3.3315535858273506,0.11250944,0.00013085158400000002,0.984527027027027,,,
941,38864,301,358,11730944,0.91,0.8831030818278427,1.6233210563659668,23.72606658935547,-0.0006970440808800049,0.9843251859723698,0.0009849004,0.6293551921844482,34.93,1428,0.02541351318359375,-0.1694329595193267,3.3477008268237114,0.11226367999999999,0.000130376448,0.9843251859723698,,,
927,38864,302,359,11763712,0.91,0.8802588996763754,1.4717977046966553,23.85516357421875,-0.0005945181619608775,0.9848300970873787,0.0010741947,0.6203750967979431,35.83,1432,0.0330810546875,-0.16573882475495338,3.258519947528839,0.11201791999999999,0.000129901312,0.9848300970873787,,,
,,,,11796480,,,1.4120688438415527,,-0.0009389860242663417,,0.0011887844,0.649917721748352,,1436,0.02849578857421875,-0.16765510244295,2.980763129889965,0.11177216,0.000129426176,,34.48,23.256513595581055,0.87
919,38839,303,360,11796480,0.79,0.8433079434167573,,22.255603790283203,,0.9803454842219804,,,35.39,,,,,,,0.9803454842219804,,,
932,38841,304,361,11829248,0.86,0.880901287553648,1.9918991327285767,23.106016159057617,-0.0005375917098717764,0.9844420600858369,0.0007956759,0.6181437969207764,34.98,1440,0.02059173583984375,-0.16816602554172277,3.989752620458603,0.1115264,0.00012895104,0.9844420600858369,,,
928,38839,305,362,11862016,0.88,0.8706896551724138,1.476252794265747,23.405466079711914,-0.00044154520946904086,0.9839709051724138,0.0010381589,0.6392472982406616,35.53,1444,0.024139404296875,-0.16950598685070872,3.2343516647815704,0.11128063999999999,0.00012847590399999998,0.9839709051724138,,,
966,38839,306,363,11894784,0.84,0.8467908902691511,1.503956913948059,22.876487731933594,-0.0004567611758830026,0.9809135610766045,0.00093961705,0.6370176076889038,34.51,1448,0.029632568359375,-0.16985654458403587,3.2068327218294144,0.11103488,0.00012800076800000002,0.9809135610766045,,,
924,38843,307,364,11927552,0.86,0.8625541125541125,2.014167070388794,23.215967178344727,-0.0005625963131024037,0.981737012987013,0.0009412826,0.6181308031082153,35.03,1452,0.02481842041015625,-0.16858271090313792,3.9576831310987473,0.11078911999999999,0.000127525632,0.981737012987013,,,
930,38839,307,365,11960320,0.89,0.8903225806451613,1.6464699506759644,23.566579818725586,-0.0006750878710590769,0.986021505376344,0.0008957338,0.6255118250846863,34.42,1456,0.02410888671875,-0.17084674583747983,3.575379639863968,0.11054336000000001,0.00012705049600000002,0.986021505376344,,,
934,38836,308,366,11993088,0.87,0.8725910064239829,1.2865755558013916,23.2554988861084,-0.0005282320271362551,0.9806611349036403,0.00095775863,0.646520733833313,35.5,1460,0.02405548095703125,-0.17034167516976595,2.8746935948729515,0.1102976,0.00012657536,0.9806611349036403,,,
947,38839,309,367,12025856,0.91,0.8711721224920802,1.794174075126648,23.796232223510742,-0.0007781267086102162,0.9841605068637803,0.00094824674,0.6131969094276428,34.76,1464,0.02759552001953125,-0.16989611648023129,3.531762957572937,0.11005184,0.000126100224,0.9841605068637803,,,
948,38845,310,368,12058624,0.89,0.8818565400843882,1.6399383544921875,23.564687728881836,-0.0005261828628135845,0.9860891350210971,0.0009546041,0.6349653601646423,36.31,1468,0.03240966796875,-0.17086980771273375,3.375086486339569,0.10980608,0.000125625088,0.9860891350210971,,,
940,38845,311,369,12091392,0.87,0.8627659574468085,1.4035743474960327,23.286664962768555,-0.0007698793269810267,0.9813829787234043,0.00096604927,0.635804295539856,34.33,1472,0.02776336669921875,-0.16721640899777412,3.212643675506115,0.10956032,0.000125149952,0.9813829787234043,,,
902,38846,312,370,12124160,0.84,0.8702882483370288,1.7319371700286865,22.916027069091797,-0.0007223931097541936,0.9833009977827051,0.0010458509,0.6237415075302124,34.97,1476,0.0257720947265625,-0.17110187048092484,3.5532815158367157,0.10931455999999999,0.00012467481599999998,0.9833009977827051,,,
936,38846,312,371,12156928,0.85,0.8536324786324786,1.617110252380371,22.9959774017334,-0.0006963407431612723,0.9820379273504274,0.000865238,0.6341104507446289,35.02,1480,0.02985382080078125,-0.16757352650165558,3.312193386256695,0.10906880000000001,0.00012419968000000001,0.9820379273504274,,,
943,38851,313,372,12189696,0.89,0.8833510074231177,1.736779808998108,23.585437774658203,-0.0007115661210264079,0.9840933191940615,0.00081417395,0.6284856796264648,35.56,1484,0.02605438232421875,-0.16980184661224484,3.719886265695095,0.10882304,0.000123724544,0.9840933191940615,,,
939,38851,314,373,12222464,0.85,0.8679446219382322,1.5942987203598022,22.91568374633789,-0.0006122499544289894,0.983426517571885,0.00084516325,0.6384106874465942,35.31,1488,0.0267486572265625,-0.16725555807352066,3.1651058420538902,0.10857727999999998,0.000123249408,0.983426517571885,,,
947,38853,315,374,12255232,0.88,0.870116156282999,1.6534355878829956,23.315814971923828,-0.0005497425809153356,0.9825105596620908,0.00091830874,0.6257162094116211,35.18,1492,0.0280303955078125,-0.17098415037617087,3.5263517796993256,0.10833152,0.00012277427200000002,0.9825105596620908,,,
906,38853,316,375,12288000,0.9,0.8896247240618101,1.5845507383346558,23.695274353027344,-0.000615149376244517,0.9866169977924945,0.0010811259,0.6328038573265076,35.72,1496,0.0312042236328125,-0.17089434899389744,3.3387850001454353,0.10808575999999999,0.000122299136,0.9866169977924945,,,
936,38858,317,376,12320768,0.87,0.8707264957264957,1.513614296913147,23.306486129760742,-0.00042856336585828103,0.9824385683760684,0.00087880995,0.6577541828155518,34.51,1500,0.02957916259765625,-0.16804811405017972,2.892094798386097,0.10784,0.00012182400000000003,0.9824385683760684,,,
942,38861,317,377,12353536,0.86,0.8757961783439491,1.8670392036437988,23.196273803710938,-0.0007943628224893473,0.9838110403397028,0.00094450894,0.6311331987380981,34.72,1504,0.03168487548828125,-0.1692407950758934,3.4390619471669197,0.10759424,0.00012134886400000001,0.9838110403397028,,,
953,38862,318,378,12386304,0.8,0.8530954879328436,1.5664464235305786,22.366422653198242,-0.0005118724184285384,0.9811122770199371,0.0009813226,0.6347952485084534,34.57,1508,0.0290985107421875,-0.16997168539091945,3.353989467024803,0.10734848,0.00012087372800000001,0.9811122770199371,,,
916,38854,319,379,12419072,0.9,0.8744541484716157,2.0008246898651123,23.655624389648438,-0.0005279623655951582,0.9841703056768559,0.000961695,0.6077516078948975,35.37,1512,0.02912139892578125,-0.1672846176661551,3.9839732572436333,0.10710272,0.00012039859200000001,0.9841703056768559,,,
,,,,12451840,,,1.5655866861343384,,-0.0007278583143488504,,0.00083367695,0.6419427990913391,,1516,0.0281524658203125,-0.16958116693422198,3.1840362697839737,0.10685696,0.00011992345600000002,,34.6,23.336393356323242,0.88
952,38830,320,380,12451840,0.88,0.898109243697479,,23.405344009399414,,0.9854254201680672,,,35.65,,,,,,,0.9854254201680672,,,
933,38830,321,381,12484608,0.85,0.8585209003215434,1.5100265741348267,22.946664810180664,-0.0005825117859785678,0.9817122186495176,0.0007772086,0.6423237919807434,34.33,1520,0.0274810791015625,-0.16954662976786494,3.0151563435792923,0.10661119999999999,0.00011944832,0.9817122186495176,,,
932,38835,322,382,12517376,0.89,0.8755364806866953,1.6964153051376343,23.486207962036133,-0.0005369282007450238,0.9833020386266095,0.0008125313,0.6229184865951538,34.79,1524,0.02048492431640625,-0.16938450653105974,3.6239159554243088,0.10636544,0.00011897318400000002,0.9833020386266095,,,
928,38835,323,383,12550144,0.88,0.8556034482758621,1.63566255569458,23.4257755279541,-0.0005715754923585337,0.9810075431034483,0.0008411873,0.6349533796310425,35.22,1528,0.023345947265625,-0.1694921855814755,3.2747722789645195,0.10611968,0.000118498048,0.9810075431034483,,,
935,38835,324,384,12582912,0.91,0.8962566844919786,1.6758698225021362,23.826440811157227,-0.0005425327617558651,0.9880347593582888,0.0012293097,0.6314135789871216,34.56,1532,0.03031158447265625,-0.17057331651449203,3.5527901500463486,0.10587392,0.000118022912,0.9880347593582888,,,
925,38835,324,385,12615680,0.88,0.88,1.1905983686447144,23.486225128173828,-0.0006312520417850465,0.987027027027027,0.000842748,0.6700125336647034,34.77,1536,0.02850341796875,-0.1655395650304854,2.688153736293316,0.10562816,0.00011754777600000001,0.987027027027027,,,
941,38834,325,386,12648448,0.84,0.8618490967056323,1.442497968673706,22.926027297973633,-0.0007883944053901359,0.9823326248671626,0.001103066,0.657620906829834,34.97,1540,0.0297698974609375,-0.1674015475437045,3.071122743189335,0.1053824,0.00011707264000000001,0.9823326248671626,,,
933,38834,326,387,12681216,0.84,0.879957127545552,1.5649511814117432,22.91692543029785,-0.00032462229864904657,0.9836548767416935,0.0008551392,0.636559784412384,34.07,1544,0.02861785888671875,-0.1704347264021635,3.4775775000452995,0.10513663999999999,0.00011659750399999999,0.9836548767416935,,,
937,38837,327,388,12713984,0.9,0.8644610458911419,1.3374284505844116,23.69586944580078,-0.00043211557203903794,0.9833911419423693,0.0010241484,0.6448069214820862,35.13,1548,0.0274658203125,-0.16978025576099753,3.186551123857498,0.10489088,0.00011612236800000002,0.9833911419423693,,,
912,38842,328,389,12746752,0.87,0.8848684210526315,1.7288365364074707,23.255876541137695,-0.000595157100178767,0.9857456140350878,0.0010122199,0.6458579301834106,35.12,1552,0.02590179443359375,-0.17255456745624542,3.3695175871253014,0.10464512,0.000115647232,0.9857456140350878,,,
938,38849,328,390,12779520,0.85,0.8731343283582089,1.6521496772766113,23.015466690063477,-0.0006581380039278883,0.9838086353944563,0.0008403262,0.6502466797828674,35.53,1556,0.024749755859375,-0.17132959002628922,2.9947765469551086,0.10439936000000001,0.00011517209600000002,0.9838086353944563,,,
926,38847,329,391,12812288,0.82,0.8552915766738661,1.5411608219146729,22.576030731201172,-0.0006450042565120384,0.9802915766738661,0.00090720144,0.6402062177658081,34.97,1560,0.0272064208984375,-0.16656026151031256,3.2229942306876183,0.1041536,0.00011469696,0.9802915766738661,,,
926,38850,330,392,12845056,0.85,0.8747300215982722,1.9218029975891113,22.99590492248535,-0.0005306854545779061,0.98420626349892,0.00080743455,0.6186785697937012,35.09,1564,0.02443695068359375,-0.1717882170341909,3.739664986729622,0.10390783999999999,0.000114221824,0.98420626349892,,,
933,38850,331,393,12877824,0.9,0.8821007502679529,1.4463468790054321,23.656227111816406,-0.0005831121561641339,0.9838558413719185,0.0007119429,0.6406238675117493,34.77,1568,0.0221099853515625,-0.17003050912171602,3.200144901871681,0.10366208,0.00011374668800000001,0.9838558413719185,,,
936,38857,332,394,12910592,0.88,0.8514957264957265,1.4250309467315674,23.4655818939209,-0.000534957682248205,0.9803018162393162,0.0010563385,0.6313158273696899,35.42,1572,0.033050537109375,-0.17096225498244166,3.260179251432419,0.10341631999999999,0.00011327155200000001,0.9803018162393162,,,
927,38857,333,395,12943360,0.88,0.8565264293419633,1.9851945638656616,23.336444854736328,-0.0007263876359502319,0.9810544768069039,0.00082774623,0.6150504946708679,34.55,1576,0.02454376220703125,-0.17182779777795076,3.935235060751438,0.10317056,0.00011279641599999999,0.9810544768069039,,,
932,38861,333,396,12976128,0.87,0.8798283261802575,1.6712956428527832,23.155357360839844,-0.0005944409058429301,0.983637339055794,0.0010443106,0.6199768781661987,35.64,1580,0.02956390380859375,-0.17109334468841553,3.6346588134765625,0.1029248,0.00011232128000000002,0.983637339055794,,,
930,38864,334,397,13008896,0.93,0.875268817204301,1.6115673780441284,24.016035079956055,-0.0004327558672230225,0.9842069892473119,0.0007540703,0.6270601749420166,34.96,1584,0.0282440185546875,-0.16695555159822106,3.1424633637070656,0.10267904,0.000111846144,0.9842069892473119,,,
938,38862,335,398,13041664,0.8,0.8603411513859275,1.6004745960235596,22.45636558532715,-0.0006044691963325022,0.9818097014925373,0.0009084478,0.6348189115524292,34.63,1588,0.024261474609375,-0.16828784020617604,3.2435273230075836,0.10243327999999999,0.000111371008,0.9818097014925373,,,
940,38871,336,399,13074432,0.87,0.875531914893617,1.7470932006835938,23.29503631591797,-0.00044937010898138396,0.9845744680851064,0.0007846287,0.625970184803009,35.96,1592,0.0267486572265625,-0.1696306262165308,3.658419467508793,0.10218752,0.00011089587200000003,0.9845744680851064,,,
,,,,13107200,,,1.558952808380127,,-0.0005058432907389943,,0.0006858198,0.6459218263626099,,1596,0.02423095703125,-0.1688184505328536,3.199425496160984,0.10194175999999999,0.000110420736,,34.94,24.05605697631836,0.93
933,38842,337,400,13107200,0.89,0.8638799571275455,,23.4952335357666,,0.9833869239013934,,,35.76,,,,,,,0.9833869239013934,,,
926,38848,338,401,13139968,0.88,0.8812095032397408,1.6283848285675049,23.415294647216797,-0.0005335006353561766,0.9836663066954644,0.0010567512,0.6251543760299683,35.7,1600,0.0326995849609375,-0.17110795341432095,3.576690599322319,0.101696,0.00010994559999999998,0.9836663066954644,,,
923,38852,339,402,13172736,0.92,0.8721560130010835,1.6368117332458496,23.90544891357422,-0.0005089960395707749,0.9840195016251354,0.0008003457,0.6347672939300537,35.55,1604,0.02748870849609375,-0.17212831135839224,3.178651601076126,0.10145024,0.00010947046400000001,0.9840195016251354,,,
933,38857,339,403,13205504,0.82,0.8670953912111469,1.4636871814727783,22.586864471435547,-0.0004631809460988734,0.9821141479099679,0.0011383239,0.6319106817245483,34.13,1608,0.03253936767578125,-0.1680945698171854,3.2892826423048973,0.10120448,0.00010899532800000001,0.9821141479099679,,,
929,38854,340,404,13238272,0.88,0.876210979547901,1.7950025796890259,23.446128845214844,-0.00045098221744410694,0.9847282023681377,0.00077020656,0.6178843975067139,34.87,1612,0.02390289306640625,-0.16925477795302868,3.6783489733934402,0.10095872,0.00010852019200000002,0.9847282023681377,,,
936,38856,341,405,13271040,0.81,0.8696581196581197,1.6474473476409912,22.475749969482422,-0.0005298398391460069,0.9844417735042735,0.00090254034,0.6337355971336365,35.25,1616,0.02520751953125,-0.17082524579018354,3.220103144645691,0.10071296,0.00010804505600000002,0.9844417735042735,,,
903,38863,342,406,13303808,0.88,0.8604651162790697,1.7996437549591064,23.34505844116211,-0.0006330023461487144,0.982765780730897,0.0009219046,0.6239062547683716,35.94,1620,0.027130126953125,-0.1712534185498953,3.4589734971523285,0.10046719999999999,0.00010756992,0.982765780730897,,,
918,38868,343,407,13336576,0.89,0.8747276688453159,1.7766823768615723,23.5457763671875,-0.0004968038665538188,0.9844771241830066,0.00072432903,0.6326860189437866,35.22,1624,0.02555084228515625,-0.16867621103301644,3.422068916261196,0.10022144000000001,0.00010709478400000003,0.9844771241830066,,,
931,38869,343,408,13369344,0.87,0.878625134264232,1.7097954750061035,23.294628143310547,-0.0007023824073257856,0.984156820622986,0.00083147024,0.6485546231269836,36.37,1628,0.02298736572265625,-0.1686314339749515,3.145330235362053,0.09997568,0.000106619648,0.984156820622986,,,
933,38867,344,409,13402112,0.84,0.8595927116827439,1.5068057775497437,22.954452514648438,-0.0006580459958058782,0.9834539121114684,0.000729681,0.6368856430053711,36.54,1632,0.02077484130859375,-0.17109597800299525,3.272671304643154,0.09972991999999999,0.000106144512,0.9834539121114684,,,
913,38866,345,410,13434880,0.89,0.8762322015334063,1.643449306488037,23.586286544799805,-0.0005566745749092661,0.9850082146768894,0.00071054866,0.6412630081176758,34.71,1636,0.02672576904296875,-0.17016757652163506,3.3094921112060547,0.09948416,0.00010566937600000001,0.9850082146768894,,,
939,38871,346,411,13467648,0.92,0.898828541001065,1.7463102340698242,23.9759578704834,-0.000593313634453807,0.987220447284345,0.0006733809,0.648636519908905,35.04,1640,0.023712158203125,-0.16909747896716,3.127310983836651,0.09923839999999999,0.00010519424000000001,0.987220447284345,,,
929,38871,347,412,13500416,0.88,0.8848223896663079,1.5675127506256104,23.445425033569336,-0.0005389294819906354,0.9869483315392895,0.0010067878,0.6535760164260864,35.57,1644,0.028106689453125,-0.17025746498256922,2.8395046815276146,0.09899263999999999,0.00010471910399999999,0.9869483315392895,,,
932,38868,348,413,13533184,0.85,0.8776824034334764,1.3105583190917969,22.99602699279785,-0.0005486757399921771,0.984375,0.00094069674,0.6661320924758911,34.97,1648,0.028839111328125,-0.17154242238029838,2.848436377942562,0.09874688,0.00010424396800000002,0.984375,,,
916,38872,348,414,13565952,0.87,0.8744541484716157,1.618247151374817,23.235977172851562,-0.00039007676241453737,0.9838291484716157,0.0012002506,0.6369092464447021,35.02,1652,0.04111480712890625,-0.16966234100982547,3.284701496362686,0.09850112,0.000103768832,0.9838291484716157,,,
922,38878,349,415,13598720,0.83,0.8590021691973969,1.5660194158554077,22.735849380493164,-0.0006013887250446714,0.9808161605206074,0.0009929634,0.6409561634063721,35.15,1656,0.0333099365234375,-0.1736132362857461,3.221738539636135,0.09825536,0.00010329369600000003,0.9808161605206074,,,
908,38882,350,416,13631488,0.9,0.8788546255506607,1.7804585695266724,23.695568084716797,-0.0006596454113605432,0.9874036343612335,0.0006803867,0.6202148795127869,35.43,1660,0.02155303955078125,-0.17431988148018718,3.7139992713928223,0.0980096,0.00010281856,0.9874036343612335,,,
924,38884,351,417,13664256,0.87,0.8896103896103896,1.450697660446167,23.235544204711914,-0.0005796341647510417,0.987012987012987,0.00059423863,0.657423734664917,35.45,1664,0.02118682861328125,-0.17154439445585012,2.9343531727790833,0.09776383999999999,0.000102343424,0.987012987012987,,,
937,38886,352,418,13697024,0.93,0.87940234791889,1.2685596942901611,23.9552059173584,-0.0006291219397098757,0.9842582710779082,0.00082621485,0.6556386351585388,35.79,1668,0.0259857177734375,-0.1725664334371686,2.835949145257473,0.09751808000000001,0.00010186828800000004,0.9842582710779082,,,
928,38891,353,419,13729792,0.89,0.8814655172413793,1.4652708768844604,23.54537582397461,-0.0006793141619709786,0.9851831896551724,0.0007853194,0.6461986303329468,35.62,1672,0.024383544921875,-0.1726944651454687,3.1479412466287613,0.09727232,0.00010139315200000001,0.9851831896551724,,,
,,,,13762560,,,1.6458841562271118,,-0.0004823706731258426,,0.00064224715,0.6402837038040161,,1676,0.024871826171875,-0.17211173195391893,3.183064490556717,0.09702656,0.00010091801599999999,,35.42,23.525575637817383,0.89
921,38870,354,420,13762560,0.87,0.8838219326818675,,23.314617156982422,,0.9859527687296417,,,36.38,,,,,,,0.9859527687296417,,,
943,38870,354,421,13795328,0.88,0.8663838812301167,1.5065778493881226,23.305295944213867,-0.00043525400906219147,0.9832317073170732,0.00061788654,0.6496285200119019,35.7,1680,0.024139404296875,-0.1690708794631064,3.1306296437978745,0.0967808,0.00010044288000000002,0.9832317073170732,,,
921,38865,355,422,13828096,0.91,0.8751357220412594,1.6346884965896606,23.8060245513916,-0.0004521227892837487,0.9831704668838219,0.00077386445,0.6349467039108276,34.97,1684,0.02617645263671875,-0.17156697809696198,3.5509187057614326,0.09653503999999999,9.996774400000002e-05,0.9831704668838219,,,
925,38861,356,423,13860864,0.89,0.8843243243243243,1.6491968631744385,23.5845947265625,-0.0005071881278126966,0.9855405405405405,0.00067786383,0.6423170566558838,36.4,1688,0.0192413330078125,-0.17241987586021423,3.205196499824524,0.09628927999999999,9.9492608e-05,0.9855405405405405,,,
920,38856,357,424,13893632,0.89,0.8673913043478261,1.5520226955413818,23.47551727294922,-0.0005338895207387395,0.9830842391304347,0.00071300217,0.6452227830886841,35.48,1692,0.0260467529296875,-0.17121842689812183,3.0520690456032753,0.09604352,9.901747200000003e-05,0.9830842391304347,,,
931,38854,358,425,13926400,0.87,0.8678839957035446,1.771592140197754,23.235525131225586,-0.000554092042875709,0.9832841031149302,0.0006701515,0.6337456107139587,35.47,1696,0.0243988037109375,-0.17180167557671666,3.397058643400669,0.09579776,9.8542336e-05,0.9832841031149302,,,
919,38854,359,426,13959168,0.87,0.8857453754080522,1.6776374578475952,23.295175552368164,-0.00043173155427211896,0.9849700761697497,0.00063359726,0.6434563994407654,35.82,1700,0.0255584716796875,-0.17196012334898114,3.28868455439806,0.09555199999999998,9.806720000000001e-05,0.9849700761697497,,,
918,38855,360,427,13991936,0.9,0.8801742919389978,1.5248154401779175,23.71521759033203,-0.0005530940507014748,0.9859068627450981,0.0007762568,0.6470315456390381,35.78,1704,0.0269622802734375,-0.1718999478034675,3.0833422169089317,0.09530624,9.759206400000001e-05,0.9859068627450981,,,
936,38862,360,428,14024704,0.91,0.8760683760683761,1.2706958055496216,23.8155460357666,-0.00023679282458033413,0.9861778846153846,0.00073005684,0.6647509336471558,35.45,1708,0.0310821533203125,-0.17215777840465307,2.841021493077278,0.09506047999999999,9.711692800000002e-05,0.9861778846153846,,,
943,38863,361,429,14057472,0.89,0.8663838812301167,1.602710485458374,23.54558563232422,-0.0006785716504964512,0.9831654294803818,0.00080721115,0.6563351154327393,35.41,1712,0.02825927734375,-0.1711874450556934,3.067793682217598,0.09481472,9.664179200000002e-05,0.9831654294803818,,,
927,38870,362,430,14090240,0.9,0.8813376483279396,1.7964493036270142,23.7161865234375,-0.0004299652355257422,0.986717907227616,0.00072985864,0.6299653649330139,34.81,1716,0.0257110595703125,-0.1709581189788878,3.5095938071608543,0.09456896,9.616665600000002e-05,0.986717907227616,,,
920,38878,363,431,14123008,0.84,0.8532608695652174,1.3968145847320557,22.905776977539062,-0.0005473865930980537,0.9824728260869565,0.00067309197,0.6651260852813721,35.22,1720,0.0303497314453125,-0.17071345634758472,2.970697432756424,0.0943232,9.569152e-05,0.9824728260869565,,,
920,38883,364,432,14155776,0.84,0.8760869565217392,1.6405152082443237,22.906225204467773,-0.0007756597260595299,0.9849184782608695,0.0008519244,0.6391408443450928,34.77,1724,0.02904510498046875,-0.17171276174485683,3.583635948598385,0.09407744,9.521638400000003e-05,0.9849184782608695,,,
919,38888,364,433,14188544,0.89,0.8705114254624592,1.6968907117843628,23.535184860229492,-0.00047740768059156835,0.9851741022850925,0.000698949,0.6476113200187683,35.81,1728,0.02452850341796875,-0.17099727597087622,3.1666129678487778,0.09383168,9.4741248e-05,0.9851741022850925,,,
924,38889,365,434,14221312,0.92,0.8701298701298701,1.7232426404953003,23.915475845336914,-0.00019268415417172946,0.9853219696969697,0.00066767074,0.645713210105896,35.52,1732,0.030548095703125,-0.17214421089738607,3.248937137424946,0.09358591999999999,9.426611200000001e-05,0.9853219696969697,,,
928,38891,366,435,14254080,0.85,0.8879310344827587,1.705897331237793,23.065330505371094,-0.0006273761027841829,0.9859913793103449,0.00060637237,0.646414041519165,35.67,1736,0.022430419921875,-0.16893282998353243,3.243596762418747,0.09334016,9.379097600000001e-05,0.9859913793103449,,,
917,38895,367,436,14286848,0.85,0.8680479825517994,1.3014838695526123,23.005056381225586,-0.0005760969143011607,0.9839830970556162,0.00071909965,0.6554158926010132,35.94,1740,0.0286407470703125,-0.1682245060801506,3.009353131055832,0.0930944,9.331584000000001e-05,0.9839830970556162,,,
930,38899,368,437,14319616,0.85,0.886021505376344,1.5560836791992188,22.975627899169922,-0.00054263439233182,0.9842069892473119,0.00056053756,0.6392644643783569,35.37,1744,0.01837158203125,-0.17038593208417296,3.299715466797352,0.09284863999999998,9.284070399999999e-05,0.9842069892473119,,,
935,38902,368,438,14352384,0.86,0.8663101604278075,1.4577810764312744,23.145484924316406,-0.0006124469946371391,0.9827540106951872,0.0006259552,0.6317393183708191,35.51,1748,0.02317047119140625,-0.17071073269471526,3.173233598470688,0.09260288,9.236556800000002e-05,0.9827540106951872,,,
932,38905,369,439,14385152,0.88,0.8862660944206009,1.8677723407745361,23.445802688598633,-0.0003748468079720624,0.9848444206008584,0.00066142005,0.6261899471282959,35.19,1752,0.02814483642578125,-0.17104776622727513,3.5488587990403175,0.09235711999999999,9.1890432e-05,0.9848444206008584,,,
,,,,14417920,,,1.6748316287994385,,-0.0005946885721641593,,0.000749298,0.6278539896011353,,1756,0.02440643310546875,-0.17361734434962273,3.166710212826729,0.09211135999999999,9.1415296e-05,,34.72,23.236276626586914,0.87
899,38876,370,440,14417920,0.88,0.8754171301446051,,23.46526527404785,,0.9857480533926585,,,35.73,,,,,,,0.9857480533926585,,,
922,38872,371,441,14450688,0.9,0.8774403470715835,1.4623994827270508,23.74541473388672,-0.0005020670359954238,0.983392082429501,0.000655439,0.6492449045181274,35.58,1760,0.02515411376953125,-0.17409963114187121,2.970755346119404,0.09186559999999999,9.094016e-05,0.983392082429501,,,
922,38873,372,442,14483456,0.85,0.8828633405639913,1.5500982999801636,23.025739669799805,-0.0006867363481433131,0.986103579175705,0.0007316031,0.6416643261909485,35.26,1764,0.027130126953125,-0.17279453575611115,3.144783154129982,0.09161984,9.046502400000001e-05,0.986103579175705,,,
923,38877,373,443,14516224,0.9,0.8678223185265439,1.518764853477478,23.685667037963867,-0.0004673067742260173,0.9840195016251354,0.0005967765,0.6405289173126221,35.33,1768,0.02252197265625,-0.17109608417376876,3.159379169344902,0.09137408,8.998988800000004e-05,0.9840195016251354,,,
927,38880,374,444,14548992,0.87,0.8856526429341963,1.6105709075927734,23.2259464263916,-0.00036740565701620653,0.9848300970873787,0.00046117173,0.6414827704429626,35.05,1772,0.0197296142578125,-0.17101468332111835,3.286336548626423,0.09112832,8.951475200000001e-05,0.9848300970873787,,,
911,38882,375,445,14581760,0.87,0.8660812294182217,1.5454744100570679,23.304426193237305,-0.0003967156262660865,0.9820938529088913,0.00086729333,0.6431533098220825,36.57,1776,0.030975341796875,-0.17410827660933137,3.068263739347458,0.09088255999999999,8.903961599999999e-05,0.9820938529088913,,,
922,38879,375,446,14614528,0.91,0.8850325379609545,1.7289985418319702,23.794715881347656,-0.0004697770837083226,0.985425704989154,0.00044503686,0.6215255856513977,36.28,1780,0.0187530517578125,-0.17338727321475744,3.4924967736005783,0.0906368,8.856448000000002e-05,0.985425704989154,,,
936,38878,376,447,14647296,0.9,0.8942307692307693,1.3816486597061157,23.716064453125,-0.0004092849776498042,0.9879807692307693,0.0005201578,0.6470792293548584,34.93,1784,0.0196533203125,-0.17083056084811687,2.963996037840843,0.09039103999999999,8.808934400000002e-05,0.9879807692307693,,,
919,38877,377,448,14680064,0.89,0.8748639825897715,1.2688047885894775,23.415325164794922,-0.00037607991907862015,0.9846300326441785,0.000734634,0.6586546897888184,35.67,1788,0.0240325927734375,-0.17164430860430002,2.79187298566103,0.09014528,8.7614208e-05,0.9846300326441785,,,
917,38871,378,449,14712832,0.92,0.9007633587786259,1.514217734336853,23.94463539123535,-0.0005508641806954984,0.9877998909487459,0.0006094775,0.6549261212348938,36.36,1792,0.0279388427734375,-0.17281372658908367,2.9651227816939354,0.08989952,8.713907200000003e-05,0.9877998909487459,,,
929,38872,379,450,14745600,0.86,0.8794402583423035,1.3678178787231445,23.165515899658203,-0.0004788011829077732,0.9836517761033369,0.00055819977,0.665120542049408,35.48,1796,0.020477294921875,-0.17036763299256563,2.7239016219973564,0.08965376,8.666393600000001e-05,0.9836517761033369,,,
925,38863,380,451,14778368,0.89,0.8745945945945945,1.7940071821212769,23.496078491210938,-0.0005259541248960886,0.9824324324324324,0.00069117936,0.6351780891418457,34.92,1800,0.0272979736328125,-0.17193933157250285,3.2693713381886482,0.08940799999999999,8.618880000000001e-05,0.9824324324324324,,,
936,38862,381,452,14811136,0.91,0.8835470085470085,1.670445442199707,23.8249454498291,-0.0006342805718304589,0.9853098290598291,0.0005292186,0.6324862837791443,36.05,1804,0.02149200439453125,-0.17360091395676136,3.4693675115704536,0.08916224,8.571366400000001e-05,0.9853098290598291,,,
922,38859,381,453,14843904,0.94,0.8882863340563991,1.5356788635253906,24.166179656982422,-0.0005635205161524937,0.9862391540130152,0.0005492134,0.6450203061103821,34.82,1808,0.02362060546875,-0.17342417733743787,3.0317658185958862,0.08891647999999999,8.523852800000002e-05,0.9862391540130152,,,
924,38857,382,454,14876672,0.87,0.8852813852813853,1.5000883340835571,23.304468154907227,-0.0005247437475190964,0.9849837662337663,0.00044404878,0.652559757232666,36.53,1812,0.01937103271484375,-0.16999525716528296,2.9822648987174034,0.08867071999999998,8.4763392e-05,0.9849837662337663,,,
905,38855,383,455,14909440,0.9,0.8674033149171271,1.511387825012207,23.654924392700195,-0.000525475807080511,0.9842541436464088,0.0005961338,0.6394820213317871,36.07,1816,0.02309417724609375,-0.17176017304882407,3.15449196100235,0.08842496,8.428825600000002e-05,0.9842541436464088,,,
925,38860,384,456,14942208,0.81,0.8529729729729729,1.7281692028045654,22.526195526123047,-0.0006871607292850967,0.9804054054054054,0.0005254276,0.6456285119056702,34.8,1820,0.02538299560546875,-0.17267898097634315,3.3695212677121162,0.08817919999999999,8.381312e-05,0.9804054054054054,,,
930,38864,385,457,14974976,0.92,0.8903225806451613,1.9662843942642212,23.916208267211914,-0.0005368998026824556,0.9856854838709678,0.0006513197,0.6278489828109741,34.79,1824,0.0272216796875,-0.17591816326603293,3.6946404576301575,0.08793344,8.333798400000003e-05,0.9856854838709678,,,
917,38866,386,458,15007744,0.87,0.861504907306434,1.4696427583694458,23.234695434570312,-0.0004953118877892848,0.9831652126499455,0.00058157835,0.6495260000228882,36.3,1828,0.0225372314453125,-0.16947647370398045,2.9521684423089027,0.08768767999999999,8.286284800000001e-05,0.9831652126499455,,,
926,38865,386,459,15040512,0.82,0.8714902807775378,1.7188422679901123,22.635581970214844,-0.0003741928194358479,0.9835313174946004,0.00053741527,0.6369495391845703,35.41,1832,0.0252532958984375,-0.17044865991920233,3.3669646233320236,0.08744191999999999,8.238771200000001e-05,0.9835313174946004,,,
,,,,15073280,,,1.5004416704177856,,-0.00042639208550099283,,0.0006225165,0.6435239911079407,,1836,0.02851104736328125,-0.17384618008509278,3.23290928453207,0.08719616,8.191257600000001e-05,,34.62,23.426380157470703,0.88
927,38844,388,460,15073280,0.88,0.8716289104638619,,23.425607681274414,,0.9843581445523193,,,35.39,,,,,,,0.9843581445523193,,,
926,38841,388,461,15106048,0.88,0.8758099352051836,1.5675832033157349,23.365495681762695,-0.0004734142421511933,0.9864335853131749,0.00048375857,0.6553006172180176,35.5,1840,0.02292633056640625,-0.1707675880752504,3.13862157613039,0.0869504,8.143744000000002e-05,0.9864335853131749,,,
925,38841,389,462,15138816,0.92,0.8864864864864865,1.5878392457962036,23.875566482543945,-0.0001868725594249554,0.9847972972972973,0.00051560707,0.6540078520774841,35.43,1844,0.0297698974609375,-0.16934629110619426,3.1503906846046448,0.08670463999999999,8.096230399999999e-05,0.9847972972972973,,,
918,38845,390,463,15171584,0.87,0.8725490196078431,1.4681575298309326,23.325359344482422,-0.000575348316488089,0.9847494553376906,0.00047685602,0.6531475782394409,35.64,1848,0.0201568603515625,-0.1691093579865992,2.94414509087801,0.08645888,8.048716800000002e-05,0.9847494553376906,,,
948,38846,391,464,15204352,0.84,0.8786919831223629,1.4138197898864746,22.805727005004883,-0.0006209897401276976,0.9851661392405063,0.000527498,0.6570129990577698,35.27,1852,0.02642822265625,-0.17026638286188245,3.033719263970852,0.08621311999999999,8.0012032e-05,0.9851661392405063,,,
901,38852,392,465,15237120,0.94,0.8745837957824639,1.7215211391448975,24.14569854736328,-0.00040116108357324265,0.9846004439511654,0.00044440132,0.6471643447875977,35.3,1856,0.01961517333984375,-0.17058516992256045,3.2121639028191566,0.08596735999999999,7.9536896e-05,0.9846004439511654,,,
922,38856,392,466,15269888,0.85,0.8655097613882863,1.4927376508712769,23.015527725219727,-0.0003439854954194743,0.9846122559652929,0.00044097524,0.6444106101989746,35.47,1860,0.01996612548828125,-0.17292475048452616,3.188048765063286,0.0857216,7.906176000000003e-05,0.9846122559652929,,,
930,38856,393,467,15302656,0.84,0.8623655913978494,1.7126384973526,22.885892868041992,-0.0004700477402366232,0.9827956989247312,0.00034591975,0.6332617998123169,35.1,1864,0.01839447021484375,-0.1726352572441101,3.62811728566885,0.08547584,7.858662400000001e-05,0.9827956989247312,,,
909,38860,394,468,15335424,0.89,0.878987898789879,1.6031465530395508,23.51559829711914,-0.0005373456151573919,0.9861798679867987,0.00060843374,0.6326529383659363,35.4,1868,0.02661895751953125,-0.1722302190028131,3.3443306386470795,0.08523008,7.811148800000004e-05,0.9861798679867987,,,
934,38864,395,469,15368192,0.86,0.8736616702355461,1.5745868682861328,23.08580780029297,-0.0004335938465374056,0.984943790149893,0.00050688675,0.6482038497924805,35.19,1872,0.02691650390625,-0.16914665279909968,3.0800479352474213,0.08498432,7.763635200000002e-05,0.984943790149893,,,
922,38866,396,470,15400960,0.92,0.8828633405639913,1.6598448753356934,23.895526885986328,-0.0006622748151130509,0.9861713665943601,0.00054965046,0.6395424008369446,35.47,1876,0.0259857177734375,-0.17314089136198163,3.2799033150076866,0.08473855999999999,7.716121600000002e-05,0.9861713665943601,,,
952,38868,397,471,15433728,0.91,0.8781512605042017,1.398024320602417,23.78591537475586,-0.000458453840110451,0.9854910714285714,0.0006099158,0.6549587249755859,35.08,1880,0.0224609375,-0.17492807237431407,3.047554202377796,0.0844928,7.668608000000002e-05,0.9854910714285714,,,
912,38872,397,472,15466496,0.89,0.875,1.5167951583862305,23.504907608032227,-0.0005171648226678371,0.9827302631578947,0.0005676083,0.6566731929779053,36.09,1884,0.02399444580078125,-0.17004495160654187,3.021336130797863,0.08424704,7.621094400000003e-05,0.9827302631578947,,,
918,38873,398,473,15499264,0.85,0.8812636165577342,1.6973179578781128,22.995628356933594,-0.00047367532533826306,0.9844090413943355,0.00056457234,0.6346519589424133,35.37,1888,0.02219390869140625,-0.17106641735881567,3.326688587665558,0.08400127999999998,7.5735808e-05,0.9844090413943355,,,
939,38871,399,474,15532032,0.88,0.8711395101171459,1.5309721231460571,23.41533660888672,-0.0005814880933030508,0.9857561235356762,0.000633562,0.6489205956459045,35.66,1892,0.03134918212890625,-0.17213313840329647,3.058489143848419,0.08375552,7.526067200000003e-05,0.9857561235356762,,,
929,38869,400,475,15564800,0.89,0.8751345532831001,1.50570547580719,23.506006240844727,-0.0004609329662343953,0.9829790096878364,0.0004918086,0.6493383646011353,34.99,1896,0.0273590087890625,-0.17146520595997572,3.2308550029993057,0.08350975999999999,7.478553600000001e-05,0.9829790096878364,,,
901,38871,401,476,15597568,0.84,0.8834628190899001,1.6288106441497803,22.90532875061035,-0.0004238949477439746,0.9866814650388457,0.00046925314,0.6462070941925049,35.67,1900,0.02092742919921875,-0.17227286519482732,3.271934911608696,0.08326399999999999,7.431040000000001e-05,0.9866814650388457,,,
938,38870,402,477,15630336,0.91,0.8763326226012793,1.4078952074050903,23.765230178833008,-0.00040028731382335536,0.9829424307036247,0.00060742896,0.6655251979827881,35.77,1904,0.028533935546875,-0.17304319329559803,2.8699230328202248,0.08301824,7.383526400000002e-05,0.9829424307036247,,,
914,38869,402,478,15663104,0.9,0.8676148796498906,1.6893390417099,23.665573120117188,-0.0005837288699694909,0.9834518599562363,0.0005428392,0.6441106796264648,35.42,1908,0.02658843994140625,-0.1734614074230194,3.229720927774906,0.08277248,7.336012800000002e-05,0.9834518599562363,,,
927,38865,403,479,15695872,0.91,0.8996763754045307,1.5750740766525269,23.77499771118164,-0.00043990733684040606,0.9871224379719525,0.00047259335,0.6475886106491089,36.0,1912,0.0241241455078125,-0.17126516485586762,3.1885485500097275,0.08252671999999998,7.2884992e-05,0.9871224379719525,,,
,,,,15728640,,,1.3791507482528687,,-0.000414637521316763,,0.00046308886,0.661080002784729,,1916,0.022125244140625,-0.1722062504850328,2.740648292005062,0.08228096,7.240985600000003e-05,,35.09,24.27590560913086,0.95
924,38836,404,480,15728640,0.87,0.8744588744588745,,23.206087112426758,,0.9855925324675324,,,34.91,,,,,,,0.9855925324675324,,,
923,38837,405,481,15761408,0.88,0.8797399783315276,1.7044577598571777,23.325946807861328,-0.00039209639362525195,0.9837486457204767,0.00062351755,0.6471204161643982,35.05,1920,0.02834320068359375,-0.17060545505955815,3.142264813184738,0.08203519999999999,7.193472e-05,0.9837486457204767,,,
940,38838,406,482,15794176,0.84,0.8829787234042553,1.6680629253387451,22.836627960205078,-0.0005239975653239526,0.9857712765957447,0.00047791336,0.6413596868515015,34.37,1924,0.02294158935546875,-0.17232991056516767,3.281548671424389,0.08178944,7.145958400000003e-05,0.9857712765957447,,,
918,38844,407,483,15826944,0.86,0.8758169934640523,1.623341679573059,23.135889053344727,-0.0005495256664289627,0.9847494553376906,0.00058230106,0.6479701399803162,35.11,1928,0.02561187744140625,-0.17427754821255803,3.1959802210330963,0.08154368,7.098444800000001e-05,0.9847494553376906,,,
932,38850,408,484,15859712,0.88,0.871244635193133,1.616424560546875,23.41524887084961,-0.0005291833585943095,0.9831679184549357,0.0003847708,0.6466364860534668,35.75,1932,0.02381134033203125,-0.17297221347689629,3.1431271582841873,0.08129792,7.050931200000001e-05,0.9831679184549357,,,
927,38852,409,485,15892480,0.87,0.8910463861920173,1.6164827346801758,23.325428009033203,-0.0006198217852215748,0.9872572815533981,0.00035840456,0.6346375942230225,35.57,1936,0.0188446044921875,-0.1724012978374958,3.376132018864155,0.08105216,7.003417600000002e-05,0.9872572815533981,,,
900,38857,409,486,15925248,0.89,0.8677777777777778,1.3501113653182983,23.554004669189453,-0.0004899017731077038,0.9834027777777777,0.00038219747,0.6668350696563721,36.99,1940,0.016265869140625,-0.1722095338627696,2.7401366978883743,0.0808064,6.955904000000002e-05,0.9834027777777777,,,
938,38863,410,487,15958016,0.9,0.8987206823027718,1.4922709465026855,23.625877380371094,-0.0004859320251853205,0.9864072494669509,0.0004341796,0.633307933807373,35.12,1944,0.02143096923828125,-0.17459342489019036,3.3555462434887886,0.08056063999999999,6.9083904e-05,0.9864072494669509,,,
933,38867,411,488,15990784,0.87,0.8745980707395499,1.4017348289489746,23.30544662475586,-0.00036520674257189967,0.9853295819935691,0.0006050866,0.6647434234619141,35.55,1948,0.023223876953125,-0.17300614761188626,2.726585939526558,0.08031488,6.860876800000003e-05,0.9853295819935691,,,
932,38868,412,489,16023552,0.92,0.8819742489270386,1.4598186016082764,23.8555965423584,-0.0005560970348597039,0.9850456008583691,0.0005255786,0.6485460996627808,35.4,1952,0.02527618408203125,-0.17505671828985214,3.1743722781538963,0.08006912,6.8133632e-05,0.9850456008583691,,,
928,38871,413,490,16056320,0.9,0.8588362068965517,1.5395432710647583,23.644874572753906,-0.00045734443119727075,0.9831627155172413,0.00043506158,0.6541880369186401,36.12,1956,0.022674560546875,-0.17335130460560322,3.0052982792258263,0.07982335999999998,6.7658496e-05,0.9831627155172413,,,
917,38872,413,491,16089088,0.91,0.8887677208287895,1.6908977031707764,23.78534698486328,-0.0004905439054709859,0.9868456924754635,0.0004033774,0.641167402267456,35.65,1960,0.0211944580078125,-0.17367055034264922,3.441495917737484,0.0795776,6.718336000000004e-05,0.9868456924754635,,,
916,38871,414,492,16121856,0.91,0.8668122270742358,1.394044041633606,23.805404663085938,-0.00039893794746603817,0.9830786026200873,0.00041123625,0.6573445200920105,35.59,1964,0.0233917236328125,-0.17148393485695124,2.9131940305233,0.07933183999999999,6.670822400000001e-05,0.9830786026200873,,,
937,38873,415,493,16154624,0.86,0.871931696905016,1.609944462776184,23.05524444580078,-0.00032037062919698656,0.9834578441835645,0.0006107151,0.6418311595916748,35.75,1968,0.0295257568359375,-0.17382443975657225,3.3162467256188393,0.07908607999999999,6.623308799999999e-05,0.9834578441835645,,,
929,38870,416,494,16187392,0.94,0.891280947255113,1.6761736869812012,24.185016632080078,-0.0004641059822461102,0.9868137782561894,0.00047119908,0.626697301864624,35.98,1972,0.02184295654296875,-0.17402245476841927,3.4285384863615036,0.07884031999999999,6.575795200000002e-05,0.9868137782561894,,,
909,38870,417,495,16220160,0.93,0.878987898789879,1.651828646659851,24.075586318969727,-0.0005146604671608657,0.9855610561056105,0.00046900674,0.6465758681297302,35.41,1976,0.0211181640625,-0.17423460306599736,2.97284172475338,0.07859456,6.528281600000002e-05,0.9855610561056105,,,
940,38874,418,496,16252928,0.9,0.8925531914893617,1.5627825260162354,23.656728744506836,-0.00042948521877406165,0.9857047872340425,0.00038983006,0.6444958448410034,34.27,1980,0.0215606689453125,-0.17066937359049916,3.101438693702221,0.0783488,6.480768000000003e-05,0.9857047872340425,,,
916,38883,418,497,16285696,0.9,0.8941048034934498,1.4310486316680908,23.666175842285156,-0.0004629207032849081,0.9861490174672489,0.00041023316,0.6589438915252686,34.82,1984,0.02088165283203125,-0.17107822792604566,2.855554237961769,0.07810304,6.433254400000003e-05,0.9861490174672489,,,
913,38883,419,498,16318464,0.92,0.9003285870755751,1.4224752187728882,23.88565444946289,-0.0005451706856547389,0.9874726177437021,0.00044410396,0.6660521626472473,35.34,1988,0.0213775634765625,-0.1730363885872066,2.7797289937734604,0.07785727999999999,6.3857408e-05,0.9874726177437021,,,
935,38881,420,499,16351232,0.88,0.8780748663101604,1.2914221286773682,23.39556884765625,-0.0002898287566495128,0.986096256684492,0.000452751,0.6702053546905518,35.43,1992,0.0296173095703125,-0.17324661230668426,2.6940121203660965,0.07761152,6.338227200000004e-05,0.986096256684492,,,
,,,,16384000,,,1.396461844444275,,-0.0004125506602576934,,0.0004317782,0.6587392091751099,,1996,0.0219268798828125,-0.1723037795163691,3.0702280402183533,0.07736575999999999,6.290713600000001e-05,,34.97,23.696025848388672,0.9
924,38851,421,500,16384000,0.84,0.8614718614718615,,22.995159149169922,,0.9847132034632035,,,35.84,,,,,,,0.9847132034632035,,,
906,38857,422,501,16416768,0.85,0.8741721854304636,1.7360037565231323,23.07565689086914,-0.0003543927705322858,0.9844094922737306,0.0003378868,0.6514471173286438,35.34,2000,0.01575469970703125,-0.17292205709964037,3.4273464679718018,0.07711999999999998,6.243200000000001e-05,0.9844094922737306,,,
945,38858,423,502,16449536,0.85,0.8507936507936508,1.436668872833252,23.026264190673828,-0.0005233906813373324,0.9798941798941799,0.00040309434,0.6571928262710571,34.73,2004,0.025299072265625,-0.17240618355572224,3.0611934885382652,0.07687424,6.195686400000002e-05,0.9798941798941799,,,
924,38861,424,503,16482304,0.89,0.8841991341991342,1.9119632244110107,23.49606704711914,-0.0004044520537718199,0.9850514069264069,0.00036119152,0.6250560283660889,34.93,2008,0.0160064697265625,-0.17658010311424732,3.818349778652191,0.07662847999999998,6.148172800000002e-05,0.9850514069264069,,,
936,38858,425,504,16515072,0.88,0.8888888888888888,1.4585225582122803,23.466087341308594,-0.0004384421590657439,0.9869123931623932,0.00035523402,0.6440271139144897,34.91,2012,0.0215301513671875,-0.17304393975064158,3.1716551408171654,0.07638271999999999,6.1006592e-05,0.9869123931623932,,,
935,38853,425,505,16547840,0.9,0.8770053475935828,1.337100625038147,23.605575561523438,-0.00042764706086018123,0.9846256684491979,0.00048223208,0.661342203617096,35.42,2016,0.0240020751953125,-0.17136557213962078,2.8317550122737885,0.07613695999999999,6.053145600000003e-05,0.9846256684491979,,,
895,38852,426,506,16580608,0.85,0.8916201117318435,1.510716438293457,23.005475997924805,-0.0003101547481492162,0.986522346368715,0.00029292342,0.6408867239952087,35.52,2020,0.01964569091796875,-0.17308380361646414,3.1346010267734528,0.07589119999999999,6.0056320000000004e-05,0.986522346368715,,,
914,38851,427,507,16613376,0.9,0.8916849015317286,1.4198203086853027,23.675386428833008,-0.0005052209598943591,0.9869392778993435,0.00046246868,0.6454737186431885,35.61,2024,0.02252960205078125,-0.17362063471227884,2.9450712502002716,0.07564544,5.9581184000000035e-05,0.9869392778993435,,,
914,38855,428,508,16646144,0.9,0.8807439824945296,1.1886094808578491,23.614957809448242,-0.0004984899860573933,0.9857084245076586,0.00045023474,0.6671820878982544,36.04,2028,0.02631378173828125,-0.1743984748609364,2.7361975237727165,0.07539968,5.910604800000001e-05,0.9857084245076586,,,
917,38856,429,509,16678912,0.92,0.9040348964013086,1.4430946111679077,23.894147872924805,-0.000556590410269564,0.9890948745910578,0.00031746158,0.6547437310218811,36.85,2032,0.0183868408203125,-0.1749914768151939,3.0186075270175934,0.07515391999999999,5.8630912000000014e-05,0.9890948745910578,,,
932,38859,430,510,16711680,0.82,0.8927038626609443,1.2479883432388306,22.625076293945312,-0.0005092888131912332,0.9870574034334764,0.0003604213,0.6668282151222229,35.92,2036,0.0216064453125,-0.17404395248740911,2.706693470478058,0.07490816,5.815577600000002e-05,0.9870574034334764,,,
917,38858,430,511,16744448,0.91,0.8953107960741549,1.2567801475524902,23.725969314575195,-0.00043280918544041924,0.9849372955288986,0.0003142485,0.6651501655578613,35.03,2040,0.0177001953125,-0.1743706800043583,2.7489607632160187,0.07466239999999999,5.768064000000002e-05,0.9849372955288986,,,
936,38861,431,512,16777216,0.89,0.8899572649572649,1.5180866718292236,23.54556655883789,-0.00033125339905382134,0.9854433760683761,0.00037009956,0.6569823026657104,35.43,2044,0.02051544189453125,-0.17465611780062318,2.865334801375866,0.07441663999999998,5.7205504e-05,0.9854433760683761,,,
912,38864,432,513,16809984,0.9,0.8739035087719298,1.3424192667007446,23.685266494750977,-0.0004912994627375156,0.9851288377192983,0.00035211834,0.6592679619789124,35.73,2048,0.0228118896484375,-0.17544287256896496,2.9959763512015343,0.07417088,5.673036800000003e-05,0.9851288377192983,,,
897,38867,433,514,16842752,0.91,0.8963210702341137,1.5256781578063965,23.745567321777344,-0.0003999309647042537,0.9870401337792643,0.00032683718,0.6516232490539551,35.43,2052,0.0221099853515625,-0.17363992799073458,3.207279719412327,0.07392511999999998,5.6255232000000004e-05,0.9870401337792643,,,
927,38868,434,515,16875520,0.9,0.8878101402373247,1.2554110288619995,23.695449829101562,-0.0002832599311659578,0.9855043149946062,0.00027588673,0.6732276082038879,35.55,2056,0.02072906494140625,-0.17275124927982688,2.6777879744768143,0.07367936,5.578009600000001e-05,0.9855043149946062,,,
912,38868,435,516,16908288,0.88,0.881578947368421,1.4846585988998413,23.396024703979492,-0.0001817862103052903,0.9865679824561403,0.00036213026,0.6521434783935547,34.97,2060,0.03022003173828125,-0.17244853265583515,3.026725560426712,0.07343359999999999,5.530496000000001e-05,0.9865679824561403,,,
934,38866,435,517,16941056,0.95,0.9047109207708779,1.3669945001602173,24.325115203857422,-0.00043741666740970686,0.9890926124197003,0.00043273243,0.6630057096481323,35.88,2064,0.02404022216796875,-0.17696382757276297,2.925119496881962,0.07318784,5.4829824000000014e-05,0.9890926124197003,,,
902,38868,436,518,16973824,0.88,0.8869179600886918,1.3259023427963257,23.444965362548828,-0.0005426249736046884,0.9865576496674058,0.00047853257,0.6908316612243652,36.03,2068,0.02536773681640625,-0.1732249171473086,2.502340145409107,0.07294207999999999,5.435468800000002e-05,0.9865576496674058,,,
935,38872,437,519,17006592,0.88,0.8716577540106952,1.305095911026001,23.424846649169922,-0.00047099798030103557,0.9833556149732621,0.00031571672,0.6570824384689331,36.15,2072,0.01955413818359375,-0.17247728304937482,2.92766971886158,0.07269632000000001,5.387955200000002e-05,0.9833556149732621,,,
,,,,17039360,,,1.6427350044250488,,-0.0004408911117934622,,0.00035185774,0.6358669996261597,,2076,0.020660400390625,-0.17508850852027535,3.474912166595459,0.07245056,5.3404416000000024e-05,,35.22,24.4257755279541,0.96
923,38849,438,520,17039360,0.83,0.8959913326110509,,22.785547256469727,,0.9873374864572048,,,35.45,,,,,,,0.9873374864572048,,,
902,38845,439,521,17072128,0.87,0.8625277161862528,1.3226444721221924,23.185401916503906,-0.0003940296701330226,0.9843403547671841,0.00026346752,0.6645498275756836,35.59,2080,0.017059326171875,-0.1734596393071115,2.76507156342268,0.07220480000000001,5.292928000000003e-05,0.9843403547671841,,,
935,38841,440,522,17104896,0.81,0.8566844919786096,1.530470848083496,22.48621368408203,-0.00036494865344138816,0.9820187165775401,0.00024067255,0.6462098360061646,34.78,2084,0.01470184326171875,-0.17713677324354649,3.293860875070095,0.07195904,5.245414400000003e-05,0.9820187165775401,,,
940,38843,441,523,17137664,0.88,0.8904255319148936,1.8911620378494263,23.4250545501709,-0.0003976814550696872,0.988031914893617,0.00024065595,0.639009952545166,35.94,2088,0.014251708984375,-0.17436415934935212,3.6384522542357445,0.07171327999999999,5.1979008000000034e-05,0.988031914893617,,,
907,38843,442,524,17170432,0.89,0.8809261300992283,1.2419705390930176,23.585214614868164,-0.0003479866063571535,0.9845644983461963,0.00020783496,0.6744873523712158,35.78,2092,0.01535797119140625,-0.17391520366072655,2.777260534465313,0.07146752,5.150387200000004e-05,0.9845644983461963,,,
933,38843,442,525,17203200,0.9,0.879957127545552,1.3853594064712524,23.725576400756836,-0.0003698761574923992,0.9844587352625938,0.00037326774,0.6471893787384033,35.42,2096,0.0205535888671875,-0.17514526983723044,3.04763974994421,0.07122176,5.102873600000004e-05,0.9844587352625938,,,
912,38844,443,526,17235968,0.88,0.8804824561403509,1.6019220352172852,23.365455627441406,-0.0003819264311459847,0.9838267543859649,0.00024997845,0.6372172236442566,35.54,2100,0.01324462890625,-0.17520978581160307,3.3036949038505554,0.07097599999999998,5.055359999999999e-05,0.9838267543859649,,,
910,38845,444,527,17268736,0.89,0.8967032967032967,1.6522692441940308,23.5353946685791,-0.0003419136701268144,0.9874313186813187,0.0003439994,0.6392472386360168,35.6,2104,0.01979827880859375,-0.175521498080343,3.172824963927269,0.07073024,5.007846400000005e-05,0.9874313186813187,,,
922,38847,445,528,17301504,0.9,0.8947939262472885,1.3374707698822021,23.645395278930664,-0.0004520587608567439,0.9868492407809111,0.00041249767,0.6594240665435791,35.6,2108,0.02440643310546875,-0.1738130785524845,2.8069167509675026,0.07048447999999999,4.9603327999999996e-05,0.9868492407809111,,,
911,38845,446,529,17334272,0.85,0.8869374313940724,1.4462416172027588,22.935338973999023,-0.0003934178930649068,0.9859357848518112,0.0003890053,0.6657696962356567,35.66,2112,0.02375030517578125,-0.17510004993528128,2.769384942948818,0.07023871999999998,4.9128192e-05,0.9859357848518112,,,
915,38845,447,530,17367040,0.88,0.8994535519125683,1.3280991315841675,23.3951358795166,-0.00035443906381260604,0.9870901639344263,0.00035247905,0.6543862223625183,35.86,2116,0.02285003662109375,-0.1749227987602353,2.981763504445553,0.06999295999999999,4.8653056e-05,0.9870901639344263,,,
925,38845,447,531,17399808,0.95,0.8918918918918919,1.3494455814361572,24.285717010498047,-0.0005329048835847061,0.9863513513513513,0.00030065948,0.6507891416549683,35.28,2120,0.02124786376953125,-0.17447468684986234,2.9425504207611084,0.06974719999999998,4.8177920000000006e-05,0.9863513513513513,,,
928,38845,448,532,17432576,0.87,0.8782327586206896,1.4692044258117676,23.296043395996094,-0.00046762762212892994,0.9857893318965517,0.0003066524,0.659284234046936,34.95,2124,0.01871490478515625,-0.17563345469534397,2.8840097710490227,0.06950144,4.770278400000001e-05,0.9857893318965517,,,
898,38846,449,533,17465344,0.88,0.888641425389755,1.5506012439727783,23.395578384399414,-0.00023355684970738366,0.9869849665924276,0.00022346555,0.6600238084793091,35.42,2128,0.0154571533203125,-0.17374286241829395,3.0471040830016136,0.06925567999999999,4.722764800000001e-05,0.9869849665924276,,,
923,38845,450,534,17498112,0.81,0.8808234019501625,1.2125606536865234,22.515859603881836,-0.00044099225851823576,0.9857800650054171,0.00029106214,0.6785781383514404,35.14,2132,0.0210723876953125,-0.17637298116460443,2.7102160677313805,0.06900992,4.6752512000000016e-05,0.9857800650054171,,,
907,38846,451,535,17530880,0.86,0.8820286659316428,1.568247675895691,23.195554733276367,-0.00045758866690448485,0.9834619625137817,0.00026128395,0.6672106981277466,35.44,2136,0.01969146728515625,-0.1761555471457541,2.9881414398550987,0.06876415999999999,4.627737600000002e-05,0.9834619625137817,,,
949,38846,452,536,17563648,0.87,0.8893572181243414,1.6808186769485474,23.32559585571289,-0.0005573919333983213,0.9857086406743941,0.0003827208,0.6601399183273315,35.4,2140,0.02657318115234375,-0.1759780691936612,2.9473932087421417,0.06851839999999998,4.580224000000002e-05,0.9857086406743941,,,
913,38848,452,537,17596416,0.91,0.8817086527929902,1.3663313388824463,23.844709396362305,-0.0004330453921284061,0.9847343921139102,0.0003078372,0.6541943550109863,36.29,2144,0.02080535888671875,-0.1759843695908785,3.0613012611865997,0.06827264,4.5327104000000026e-05,0.9847343921139102,,,
930,38850,453,538,17629184,0.87,0.8795698924731182,1.6100609302520752,23.33550453186035,-0.0004271498946764041,0.9863575268817204,0.00037097422,0.6512506008148193,35.49,2148,0.02169036865234375,-0.1733611859381199,3.1141371950507164,0.06802687999999998,4.485196800000003e-05,0.9863575268817204,,,
921,38855,454,539,17661952,0.89,0.8773072747014115,1.5310404300689697,23.516077041625977,-0.000398883676098194,0.9863599348534202,0.00022421601,0.6542794704437256,34.92,2152,0.0145721435546875,-0.17204968724399805,3.1443114653229713,0.06778112,4.437683200000003e-05,0.9863599348534202,,,
,,,,17694720,,,1.4933353662490845,,-0.00023474554109270684,,0.00027926185,0.6628373265266418,,2156,0.01883697509765625,-0.174804225564003,3.058557666838169,0.06753535999999999,4.390169599999998e-05,,35.4,23.905601501464844,0.92
921,38842,455,540,17694720,0.84,0.8946796959826275,,22.886245727539062,,0.9868349619978285,,,34.75,,,,,,,0.9868349619978285,,,
924,38849,456,541,17727488,0.92,0.8863636363636364,1.27179753780365,23.96511459350586,-0.0003816629650827963,0.987012987012987,0.00021146031,0.6621472835540771,35.88,2160,0.01523590087890625,-0.17470828583464026,2.8621571138501167,0.0672896,4.342656000000004e-05,0.987012987012987,,,
925,38855,457,542,17760256,0.85,0.8735135135135135,1.5466458797454834,23.07546615600586,-0.0004054839300806634,0.9831081081081081,0.0002874266,0.6670924425125122,35.53,2164,0.01790618896484375,-0.1740910243242979,2.872389495372772,0.06704384,4.295142400000004e-05,0.9831081081081081,,,
934,38857,457,543,17793024,0.89,0.9025695931477516,1.573848843574524,23.594636917114258,-0.00037783023435622454,0.988691113490364,0.00024913027,0.6410514712333679,36.36,2168,0.01590728759765625,-0.17702891491353512,3.3160560131073,0.06679807999999998,4.247628799999999e-05,0.988691113490364,,,
919,38855,458,544,17825792,0.86,0.8944504896626768,1.4315845966339111,23.125476837158203,-0.0003030805710295681,0.985854189336235,0.00023629419,0.6785440444946289,35.52,2172,0.0176239013671875,-0.17329340474680066,2.5965088233351707,0.06655232,4.200115200000005e-05,0.985854189336235,,,
933,38857,459,545,17858560,0.87,0.8703108252947481,1.4185357093811035,23.286083221435547,-0.00048608510769554414,0.9841237942122186,0.0002741894,0.6572809815406799,34.91,2176,0.01747894287109375,-0.17319564800709486,2.929120287299156,0.06630655999999999,4.1526016e-05,0.9841237942122186,,,
931,38860,460,546,17891328,0.88,0.8754027926960258,1.9069608449935913,23.415712356567383,-0.0004502909869188443,0.9859022556390977,0.00023071005,0.6421247720718384,35.28,2180,0.01624298095703125,-0.17537335632368922,3.4287050664424896,0.06606079999999998,4.105088e-05,0.9859022556390977,,,
923,38863,461,547,17924096,0.91,0.8894907908992417,1.4772354364395142,23.83611488342285,-0.0004198197857476771,0.9859832069339112,0.00021729042,0.6606210470199585,34.88,2184,0.013580322265625,-0.17676602862775326,3.097605012357235,0.06581503999999999,4.0575744000000006e-05,0.9859832069339112,,,
921,38868,461,548,17956864,0.93,0.8849077090119435,1.5158065557479858,24.085163116455078,-0.00038676735493936576,0.9862242128121607,0.00026922033,0.6655131578445435,35.83,2188,0.02103424072265625,-0.17663295334205031,2.8523744270205498,0.06556927999999998,4.010060800000001e-05,0.9862242128121607,,,
926,38869,462,549,17989632,0.96,0.8995680345572354,1.3771882057189941,24.485288619995117,-0.0003341269912198186,0.9875809935205183,0.0003367323,0.6586511135101318,35.71,2192,0.021453857421875,-0.17513625835999846,2.990471050143242,0.06532352,3.962547200000001e-05,0.9875809935205183,,,
902,38867,463,550,18022400,0.91,0.8835920177383592,1.1585431098937988,23.815576553344727,-0.0002945621308754198,0.9846868070953437,0.00022425638,0.6825730800628662,35.42,2196,0.0189971923828125,-0.17624622955918312,2.6195496693253517,0.06507775999999998,3.9150336000000016e-05,0.9846868070953437,,,
932,38869,464,551,18055168,0.85,0.8851931330472103,1.5740607976913452,23.07506561279297,-0.0004366049797681626,0.9847103004291845,0.00021083711,0.6543427109718323,35.93,2200,0.01808929443359375,-0.1767836706712842,3.00305338203907,0.06483199999999997,3.867520000000002e-05,0.9847103004291845,,,
929,38874,465,552,18087936,0.91,0.8934337997847147,1.549094796180725,23.765718460083008,-0.0004047905276820529,0.9858719052744886,0.00022809579,0.6494779586791992,35.28,2204,0.01677703857421875,-0.1775341141037643,3.0800675749778748,0.06458623999999999,3.820006400000002e-05,0.9858719052744886,,,
911,38875,466,553,18120704,0.89,0.8858397365532382,1.5516338348388672,23.575395584106445,-0.0003960703907068819,0.9873765093304061,0.00019908682,0.6635997891426086,35.6,2208,0.016265869140625,-0.17802656907588243,2.7689376026391983,0.06434047999999998,3.7724928000000026e-05,0.9873765093304061,,,
934,38878,466,554,18153472,0.94,0.8854389721627409,1.53060781955719,24.224943161010742,-0.0002882876397052314,0.9868174518201285,0.00021009002,0.6579446792602539,36.05,2212,0.0147247314453125,-0.17881301464512944,3.020762763917446,0.06409472,3.724979200000003e-05,0.9868174518201285,,,
911,38882,467,555,18186240,0.97,0.9012074643249177,1.426025390625,24.515108108520508,-0.0004166195540165063,0.9882683863885839,0.00020622081,0.6724116206169128,35.89,2216,0.0175628662109375,-0.17518271692097187,2.8388669937849045,0.06384895999999998,3.677465600000003e-05,0.9882683863885839,,,
921,38885,468,556,18219008,0.87,0.8729641693811075,1.292344331741333,23.325376510620117,-0.00039558195931022055,0.9841883821932682,0.00021138138,0.6853936910629272,35.62,2220,0.0139617919921875,-0.17987464740872383,2.5314433202147484,0.0636032,3.6299520000000036e-05,0.9841883821932682,,,
948,38886,469,557,18251776,0.89,0.8987341772151899,1.7390011548995972,23.42538833618164,-0.0003206140172551386,0.9862209915611815,0.00020069476,0.6585849523544312,35.61,2224,0.015045166015625,-0.17776186438277364,3.2011323794722557,0.06335743999999999,3.5824383999999985e-05,0.9862209915611815,,,
924,38888,470,558,18284544,0.92,0.8755411255411255,1.3718974590301514,23.884885787963867,-0.0004548334654828068,0.9848484848484849,0.00021677424,0.6713352203369141,36.11,2228,0.01657867431640625,-0.1777431690134108,2.7594663873314857,0.06311168,3.534924800000004e-05,0.9848484848484849,,,
925,38887,471,559,18317312,0.87,0.8767567567567568,1.6847399473190308,23.23538589477539,-0.0004161789402132854,0.9831756756756757,0.00018430501,0.648963212966919,35.61,2232,0.0119781494140625,-0.17584901582449675,3.2739247232675552,0.06286591999999999,3.487411199999999e-05,0.9831756756756757,,,
,,,,18350080,,,1.7919267416000366,,-0.00043390483187977225,,0.00020151283,0.6419804096221924,,2236,0.01786041259765625,-0.17839047638699412,3.25802268832922,0.06262016000000001,3.439897600000005e-05,,35.46,24.025537490844727,0.93
919,38870,472,560,18350080,0.88,0.8770402611534276,,23.375688552856445,,0.9832018498367792,,,35.31,,,,,,,0.9832018498367792,,,
912,38871,472,561,18382848,0.91,0.8826754385964912,1.6136932373046875,23.774675369262695,-0.00038448966733994894,0.9855400219298246,0.00021209908,0.6370108723640442,36.32,2240,0.01483917236328125,-0.17642495082691312,3.2537118047475815,0.062374399999999997,3.392384000000005e-05,0.9855400219298246,,,
926,38870,473,562,18415616,0.88,0.8866090712742981,1.511730670928955,23.425548553466797,-0.0003305139507574495,0.9846112311015118,0.0001527252,0.6455099582672119,35.45,2244,0.01102447509765625,-0.175532768946141,3.1349645033478737,0.062128639999999985,3.3448704e-05,0.9846112311015118,,,
935,38873,474,563,18448384,0.87,0.8727272727272727,1.5089017152786255,23.32504653930664,-0.0003399417910259217,0.9827540106951872,0.00017624175,0.6524468064308167,35.95,2248,0.012939453125,-0.17649389524012804,2.9661172553896904,0.06188288,3.297356800000006e-05,0.9827540106951872,,,
904,38877,475,564,18481152,0.9,0.8672566371681416,1.6441564559936523,23.615224838256836,-0.00034552546276245266,0.9834762168141593,0.00013858455,0.6334100961685181,35.77,2252,0.0114288330078125,-0.17703682091087103,3.3065756037831306,0.06163711999999999,3.249843200000001e-05,0.9834762168141593,,,
918,38882,476,565,18513920,0.94,0.9041394335511983,1.4878084659576416,24.135896682739258,-0.0003572079040168319,0.988562091503268,0.00017920199,0.6432456970214844,35.1,2256,0.01078033447265625,-0.17703173402696848,3.3045547157526016,0.06139135999999998,3.202329600000001e-05,0.988562091503268,,,
921,38885,476,566,18546688,0.9,0.8783930510314875,1.3836255073547363,23.644784927368164,-0.0002180564042646438,0.9856813246471227,0.00012150554,0.6707039475440979,36.21,2260,0.00681304931640625,-0.17618479439988732,2.602393314242363,0.061145599999999994,3.1548160000000015e-05,0.9856813246471227,,,
935,38886,477,567,18579456,0.86,0.8673796791443851,1.6706422567367554,23.155534744262695,-0.0003271527966717258,0.9812165775401069,0.00012925197,0.6527673006057739,35.46,2264,0.0124969482421875,-0.1751654022373259,3.0812942013144493,0.06089983999999998,3.107302400000002e-05,0.9812165775401069,,,
931,38886,478,568,18612224,0.82,0.8807733619763695,1.671851634979248,22.705656051635742,-0.00027301932641421445,0.986170784103115,0.00014278619,0.6347179412841797,35.34,2268,0.01096343994140625,-0.1775359665043652,3.431513734161854,0.06065407999999997,3.059788800000002e-05,0.986170784103115,,,
914,38890,479,569,18644992,0.84,0.8851203501094091,1.5829726457595825,22.87610626220703,-0.0002850382115866523,0.9867341356673961,0.00014135416,0.6465940475463867,34.89,2272,0.0116729736328125,-0.17452721996232867,3.1734796091914177,0.06040831999999999,3.0122752000000025e-05,0.9867341356673961,,,
919,38893,480,570,18677760,0.89,0.8792165397170838,1.5308961868286133,23.585437774658203,-0.00036112830275669694,0.9840179542981502,0.00018522337,0.6523996591567993,35.56,2276,0.014434814453125,-0.17876798519864678,3.059494271874428,0.060162559999999976,2.9647616000000028e-05,0.9840179542981502,,,
912,38898,481,571,18710528,0.88,0.8892543859649122,1.7417712211608887,23.44588851928711,-0.0003129693359369412,0.9871847587719298,0.00014435477,0.6502869129180908,35.11,2280,0.01023101806640625,-0.17444815579801798,3.1719163060188293,0.05991679999999999,2.917248000000003e-05,0.9871847587719298,,,
916,38903,481,572,18743296,0.86,0.87882096069869,1.4876586198806763,23.125715255737305,-0.0004003819849458523,0.9841020742358079,0.00017812327,0.6515553593635559,35.28,2284,0.01297760009765625,-0.17554172920063138,2.9740317910909653,0.05967103999999998,2.8697344000000035e-05,0.9841020742358079,,,
928,38907,482,573,18776064,0.87,0.8890086206896551,1.6330162286758423,23.305246353149414,-0.0003630693754530512,0.9859913793103449,0.00012764135,0.6551312208175659,35.75,2288,0.01248931884765625,-0.1774487691000104,2.9652030989527702,0.05942528,2.8222208000000038e-05,0.9859913793103449,,,
928,38909,483,574,18808832,0.84,0.8976293103448276,1.4541938304901123,22.9659366607666,-0.00039778879363439046,0.9870689655172413,0.00019353491,0.6649569272994995,35.06,2292,0.0166778564453125,-0.17682279366999865,2.846699468791485,0.059179519999999985,2.774707200000004e-05,0.9870689655172413,,,
937,38905,484,575,18841600,0.89,0.8815368196371398,1.3810925483703613,23.525318145751953,-0.0003235798285459168,0.9838580576307364,0.00012648689,0.6699519157409668,35.68,2296,0.0118865966796875,-0.1763667268678546,2.8037110194563866,0.05893376,2.7271936000000045e-05,0.9838580576307364,,,
923,38905,485,576,18874368,0.89,0.8959913326110509,1.665079116821289,23.525188446044922,-0.00029859896312700585,0.9872697724810401,0.00016806397,0.6453274488449097,35.81,2300,0.01094818115234375,-0.17684545880183578,3.2799908071756363,0.05868799999999999,2.6796799999999994e-05,0.9872697724810401,,,
932,38906,485,577,18907136,0.9,0.8862660944206009,1.3997009992599487,23.615346908569336,-0.00027068069903180003,0.9861856223175965,0.00011893149,0.6794461011886597,35.65,2304,0.00823211669921875,-0.17547468142583966,2.6893921494483948,0.058442240000000006,2.632166400000005e-05,0.9861856223175965,,,
916,38906,486,578,18939904,0.94,0.9028384279475983,1.3987970352172852,24.165363311767578,-0.00032216060208156705,0.98819596069869,0.00013398202,0.6622556447982788,35.63,2308,0.01140594482421875,-0.17819440132007003,2.9977754056453705,0.058196479999999995,2.5846528e-05,0.98819596069869,,,
930,38906,487,579,18972672,0.87,0.8623655913978494,1.3859347105026245,23.185829162597656,-0.0002872798650059849,0.982997311827957,9.50913e-05,0.6733404397964478,35.17,2312,0.00839996337890625,-0.17393114045262337,2.7000501304864883,0.05795071999999998,2.5371392000000004e-05,0.982997311827957,,,
,,,,19005440,,,1.6998145580291748,,-0.0002512078281142749,,0.00010057386,0.6382537484169006,,2316,0.00719451904296875,-0.17895266693085432,3.5369892939925194,0.05770496,2.4896256000000007e-05,,34.98,23.806018829345703,0.91
932,38889,488,580,19005440,0.89,0.8959227467811158,,23.425304412841797,,0.9871915236051502,,,35.69,,,,,,,0.9871915236051502,,,
898,38887,489,581,19038208,0.86,0.8808463251670379,1.3241552114486694,23.255582809448242,-0.0003522462284308858,0.987054565701559,0.00014807779,0.6571524739265442,35.41,2320,0.01332855224609375,-0.17374725360423326,2.8912884443998337,0.05745919999999999,2.442112000000001e-05,0.987054565701559,,,
930,38891,490,582,19070976,0.94,0.878494623655914,1.3347904682159424,24.185348510742188,-0.00032680007643648423,0.9849462365591398,0.00011070179,0.6653703451156616,35.65,2324,0.01486968994140625,-0.17645005276426673,3.019835963845253,0.05721343999999998,2.3945984000000014e-05,0.9849462365591398,,,
927,38891,491,583,19103744,0.88,0.8770226537216829,1.522729516029358,23.405637741088867,-0.00035404236405156553,0.9855717367853291,0.00013033857,0.6492257118225098,35.36,2328,0.01177978515625,-0.1772755915299058,3.1737630516290665,0.05696767999999999,2.3470848000000017e-05,0.9855717367853291,,,
910,38889,492,584,19136512,0.9,0.9032967032967033,1.4537767171859741,23.66497802734375,-0.0003039403600268997,0.9881181318681319,9.0093126e-05,0.6484626531600952,36.02,2332,0.00962066650390625,-0.1766180987469852,3.177375704050064,0.05672191999999998,2.299571200000002e-05,0.9881181318681319,,,
908,38884,492,585,19169280,0.9,0.8986784140969163,1.3455058336257935,23.6646671295166,-0.0002455805952195078,0.987954295154185,6.926381e-05,0.6630232334136963,36.33,2336,0.01042938232421875,-0.17793598771095276,2.7590700164437294,0.05647615999999997,2.2520576000000024e-05,0.987954295154185,,,
936,38882,493,586,19202048,0.83,0.8846153846153846,1.309244155883789,22.685808181762695,-0.00030059084747335874,0.9858440170940171,0.0001300844,0.6755744814872742,35.19,2340,0.010284423828125,-0.175879274494946,2.6076191440224648,0.056230399999999986,2.2045440000000027e-05,0.9858440170940171,,,
936,38885,494,587,19234816,0.85,0.8867521367521367,1.5738664865493774,23.024744033813477,-0.00026733969934866764,0.9869791666666666,0.000107432636,0.6535707116127014,36.25,2344,0.009033203125,-0.18003118969500065,3.115926869213581,0.055984639999999974,2.157030400000003e-05,0.9869791666666666,,,
900,38886,495,588,19267584,0.91,0.8988888888888888,1.5884615182876587,23.814929962158203,-0.00030942018929636106,0.9884722222222222,8.419854e-05,0.6667786240577698,36.07,2348,0.00933837890625,-0.17783155804499984,2.9524943828582764,0.05573887999999999,2.1095168000000034e-05,0.9884722222222222,,,
930,38884,496,589,19300352,0.92,0.9086021505376344,1.2074105739593506,23.89519500732422,-0.0002839696535374969,0.9887768817204301,8.2190745e-05,0.6816350221633911,35.8,2352,0.008880615234375,-0.17416252987459302,2.5368368104100227,0.05549311999999998,2.0620032000000037e-05,0.9887768817204301,,,
933,38883,497,590,19333120,0.85,0.872454448017149,1.2862731218338013,23.015615463256836,-0.0002585832917247899,0.9838558413719185,0.000108467044,0.6802076101303101,35.38,2356,0.01190948486328125,-0.17420891672372818,2.583383195102215,0.055247359999999995,2.014489600000004e-05,0.9838558413719185,,,
918,38885,498,591,19365888,0.9,0.8714596949891068,1.7560489177703857,23.685718536376953,-0.0002394682087469846,0.9842047930283224,7.579535e-05,0.6513384580612183,35.28,2360,0.00630950927734375,-0.1772640822455287,3.2814985513687134,0.055001599999999984,1.9669760000000044e-05,0.9842047930283224,,,
935,38886,498,592,19398656,0.85,0.8909090909090909,1.689194917678833,22.976646423339844,-0.00028333356749499217,0.9868983957219252,0.00010396243,0.6550954580307007,34.35,2364,0.008819580078125,-0.17658250266686082,3.219698816537857,0.05475584,1.9194624000000047e-05,0.9868983957219252,,,
917,38884,499,593,19431424,0.91,0.8865866957470011,1.364591360092163,23.74651527404785,-0.00023369946575257927,0.987118320610687,9.583092e-05,0.6661167144775391,34.48,2368,0.00890350341796875,-0.17722421465441585,2.8863891661167145,0.05451007999999999,1.8719487999999996e-05,0.987118320610687,,,
923,38888,500,594,19464192,0.75,0.8743228602383532,1.456883430480957,21.635757446289062,-0.0003368962279637344,0.9831392199349945,0.00012927363,0.6810470223426819,35.24,2372,0.01047515869140625,-0.1767449053004384,2.6961667463183403,0.054264320000000005,1.8244352000000054e-05,0.9831392199349945,,,
921,38887,501,595,19496960,0.86,0.8534201954397395,1.644781231880188,23.115947723388672,-0.00023242046154337004,0.9828990228013029,6.212485e-05,0.6448248624801636,35.05,2376,0.006591796875,-0.17749465955421329,3.332876354455948,0.05401855999999999,1.7769216000000003e-05,0.9828990228013029,,,
946,38889,502,596,19529728,0.86,0.8890063424947146,1.7016595602035522,23.145414352416992,-0.0003144809743389487,0.9846062367864693,7.23049e-05,0.6528227925300598,35.58,2380,0.00824737548828125,-0.17803567741066217,3.4167965725064278,0.05377279999999998,1.7294080000000006e-05,0.9846062367864693,,,
920,38892,502,597,19562496,0.89,0.8869565217391304,1.4831140041351318,23.565095901489258,-0.00026140466434299015,0.9860054347826087,8.958505e-05,0.6534059643745422,35.9,2384,0.00788116455078125,-0.17909956723451614,3.0345009565353394,0.05352704,1.681894400000001e-05,0.9860054347826087,,,
898,38897,503,598,19595264,0.9,0.8853006681514477,1.4064207077026367,23.635915756225586,-0.0003263717590016313,0.98461859688196,8.4870146e-05,0.6532415747642517,35.08,2388,0.0089569091796875,-0.1768692103214562,2.985494703054428,0.053281279999999986,1.6343808000000013e-05,0.98461859688196,,,
933,38903,504,599,19628032,0.88,0.8788853161843515,1.3439985513687134,23.316423416137695,-0.00025720138364704326,0.9837218649517685,8.7594504e-05,0.6550628542900085,34.57,2392,0.00804901123046875,-0.17981705674901605,2.983495704829693,0.05303552,1.5868672000000016e-05,0.9837218649517685,,,
,,,,19660800,,,1.7841055393218994,,-0.00029337221349123865,,8.346248e-05,0.6325223445892334,,2396,0.00855255126953125,-0.17621556390076876,3.3575975969433784,0.05278975999999999,1.539353600000002e-05,,34.64,23.306354522705078,0.87
918,38889,505,600,19660800,0.94,0.900871459694989,,24.105127334594727,,0.9882216775599129,,,35.87,,,,,,,0.9882216775599129,,,
933,38888,506,601,19693568,0.87,0.8681672025723473,1.2250572443008423,23.245763778686523,-0.00024232765645137988,0.982650053590568,4.9975355e-05,0.6667238473892212,35.23,2400,0.00760650634765625,-0.17579158302396536,2.719282202422619,0.05254399999999998,1.4918400000000023e-05,0.982650053590568,,,
927,38890,507,602,19726336,0.87,0.8673139158576052,1.7363728284835815,23.36554718017578,-0.0002080182748613879,0.9837513484358145,5.6371337e-05,0.6396857500076294,35.45,2404,0.005279541015625,-0.17666233982890844,3.3928129598498344,0.052298239999999996,1.4443264000000026e-05,0.9837513484358145,,,
916,38889,508,603,19759104,0.9,0.8941048034934498,1.6597965955734253,23.635915756225586,-0.00022234370408114046,0.9866266375545851,5.5422457e-05,0.6426166296005249,35.08,2408,0.00600433349609375,-0.17635367158800364,3.4352609366178513,0.052052479999999984,1.396812800000003e-05,0.9866266375545851,,,
914,38889,508,604,19791872,0.93,0.9102844638949672,1.3948270082473755,24.075002670288086,-0.00024139301967807114,0.9893326039387309,7.86298e-05,0.6607227325439453,35.99,2412,0.005157470703125,-0.17596382228657603,2.7981707975268364,0.05180671999999997,1.3492992000000033e-05,0.9893326039387309,,,
936,38889,509,605,19824640,0.84,0.8878205128205128,1.2872493267059326,22.886045455932617,-0.00017622080486034974,0.9842414529914529,7.339594e-05,0.677943229675293,34.95,2416,0.00519561767578125,-0.17745332513004541,2.4880552291870117,0.05156095999999999,1.3017856000000036e-05,0.9842414529914529,,,
920,38889,510,606,19857408,0.87,0.875,1.4496431350708008,23.245378494262695,-0.00026024018734460697,0.981929347826087,7.0642476e-05,0.6540788412094116,35.62,2420,0.01097869873046875,-0.17666590679436922,2.966028869152069,0.05131519999999998,1.254272000000004e-05,0.981929347826087,,,
926,38890,511,607,19890176,0.83,0.8866090712742981,1.6016082763671875,22.805204391479492,-0.00023460007287212647,0.9868385529157667,5.0200648e-05,0.6398003101348877,35.79,2424,0.00470733642578125,-0.1775317806750536,3.3032024204730988,0.051069439999999994,1.2067583999999989e-05,0.9868385529157667,,,
930,38889,512,608,19922944,0.9,0.8849462365591397,1.4141061305999756,23.685216903686523,-0.00018655733947525732,0.9845430107526881,5.199e-05,0.6613693833351135,35.78,2428,0.00391387939453125,-0.17973183654248714,3.0734946504235268,0.05082367999999998,1.1592448000000046e-05,0.9845430107526881,,,
911,38892,513,609,19955712,0.88,0.8704720087815587,1.4160430431365967,23.486635208129883,-0.00021114182891324162,0.9835345773874863,5.1974952e-05,0.6572363376617432,34.36,2432,0.0043182373046875,-0.17823357647284865,2.9869859889149666,0.05057792,1.111731200000005e-05,0.9835345773874863,,,
913,38896,513,610,19988480,0.92,0.8992332968236583,1.4820843935012817,23.974929809570312,-0.0002745719139056746,0.9889786418400877,8.8902685e-05,0.6566582322120667,36.07,2436,0.00910186767578125,-0.17738391226157546,3.1335202008485794,0.05033215999999999,1.0642175999999999e-05,0.9889786418400877,,,
941,38901,514,611,20021248,0.86,0.8777895855472901,1.492754578590393,23.186138153076172,-0.00024171834957087412,0.9857199787460149,5.136047e-05,0.6735212802886963,34.86,2440,0.00675201416015625,-0.17818647995591164,2.7234239354729652,0.0500864,1.0167040000000056e-05,0.9857199787460149,,,
