time/iterations,curriculum/success_rate,rollout/episodes,curriculum/frontier,time/fps,time/total_timesteps,time/time_elapsed,train/clip_fraction,train/clip_range,train/explained_variance,train/value_loss,train/approx_kl,train/learning_rate,train/policy_gradient_loss,train/entropy_loss,train/n_updates,train/loss,rollout/fill_mean,rollout/success_rate,rollout/win_rate_true_start,rollout/ep_rew_mean,rollout/fill_mean_true_start,rollout/ep_len_mean,eval/mean_ep_length,eval/mean_reward,eval/success_rate
1,nan,0,255,65062,262144,4,,,,,,,,,,,,,,,,,,,
2,nan,0,255,42406,524288,12,0.0017423629760742188,0.199606784,-0.372799277305603,0.024553485767683014,0.0024690016,0.00029923978239999996,-0.0023316176448133774,-1.7883635200560093,4,-0.012077860534191132,,,,,,,,,
3,nan,0,255,38525,786432,20,0.057464599609375,0.199213568,0.08090543746948242,0.026269061636412516,0.008443257,0.0002984795648,-0.007229949935208424,-1.7507355473935604,8,-0.015147265046834946,,,,,,,,,
4,nan,0,255,36760,1048576,28,0.12702369689941406,0.198820352,0.06195157766342163,0.04391374089755118,0.01150164,0.0002977193472,-0.011402716329030227,-1.6978161549195647,12,-0.008440591394901276,,,,,,,,,
5,nan,0,255,35766,1310720,36,0.17487525939941406,0.198427136,0.056710898876190186,0.08448584709549323,0.012180097,0.00029695912959999996,-0.014850931876935647,-1.6226221323013306,16,0.011447478085756302,,,,,,,,,
6,nan,1,255,35110,1572864,44,0.19594097137451172,0.19803392,0.07179635763168335,0.12788022676249966,0.012978185,0.000296198912,-0.01567918953151093,-1.52549721673131,20,0.0301198810338974,0.03515625,0.0,0.0,6.625001430511475,0.03515625,376.0,,,
7,nan,1,255,34584,1835008,53,0.2051372528076172,0.19764070400000003,0.114249587059021,0.17108562088105828,0.014029227,0.0002954386944,-0.01497724729051697,-1.4467546455562115,24,0.05324208736419678,0.04296875,0.0,0.0,7.593497276306152,0.04296875,407.5,,,
,,,,,2097152,,0.21530723571777344,0.197247488,0.18345171213150024,0.22491818782873452,0.015340744,0.00029467847679999997,-0.013811801249175915,-1.3675280530005693,28,0.08157536387443542,,,,,,,1481.27,36.739864349365234,0.0
8,nan,13,255,26151,2097152,80,,,,,,,,,,,0.6168870192307693,0.13333333333333333,0.0,5.981463432312012,0.0484375,219.53333333333333,,,
9,nan,42,255,26699,2359296,88,0.2209453582763672,0.196854272,0.24896705150604248,0.271558903506957,0.016046107,0.00029391825919999995,-0.011759847373468801,-1.3031814759597182,32,0.10689669847488403,0.5367373511904762,0.10526315789473684,0.0,6.746096611022949,0.054296875,254.89473684210526,,,
10,nan,81,255,27091,2621440,96,0.22468280792236328,0.19646105600000002,0.31278663873672485,0.3228669429663569,0.016650787,0.0002931580416,-0.010588964273665624,-1.2358633102849126,36,0.13236726820468903,0.6479552469135802,0.13,0.0,6.994288921356201,0.06546336206896551,226.7,,,
11,nan,172,255,27440,2883584,105,0.22525405883789062,0.19606784000000002,0.35559386014938354,0.37626692350022495,0.017186632,0.00029239782399999997,-0.009099652965232963,-1.1607881505042315,40,0.170006662607193,0.6486191860465116,0.17,0.0,9.455734252929688,0.07955109126984126,265.26,,,
12,nan,237,255,27722,3145728,113,0.2172555923461914,0.19567462400000002,0.388469934463501,0.46944832848384976,0.018049043,0.0002916376064,-0.0069626012145818095,-1.0961895789951086,44,0.1889943927526474,0.6534974947257384,0.21,0.0,12.318765640258789,0.09294181034482758,322.24,,,
13,0.2921146953405018,333,255,27996,3407872,121,0.21189403533935547,0.19528140800000002,0.4337637424468994,0.5523156537674367,0.01806173,0.00029087738879999994,-0.00534823973885068,-1.0245155384764075,48,0.2288845032453537,0.6746082019519519,0.18,0.0,10.107131004333496,0.10940867456896551,243.88,,,
14,0.30479896238651105,408,255,28190,3670016,130,0.18153667449951172,0.19488819200000002,0.47353607416152954,0.620021594222635,0.017963883,0.0002901171712,-0.005549411322135711,-0.9480038853362203,52,0.26156723499298096,0.691616881127451,0.2,0.0,14.167964935302734,0.1299327098540146,323.06,,,
15,0.2927927927927928,581,255,28380,3932160,138,0.1976480484008789,0.194494976,0.5476913452148438,0.6600329256616533,0.017230129,0.00028935695359999996,-0.0034034423260891344,-0.8719467208720744,56,0.2757527828216553,0.7018273988812392,0.22,0.0,17.22866439819336,0.15169608160621761,362.38,,,
,,,,,4194304,,0.1808786392211914,0.19410176,0.6073383092880249,0.7348438827320933,0.016396115,0.000288596736,-0.0023448409692718997,-0.7958544725552201,60,0.3218620717525482,,,,,,,657.92,86.15332794189453,0.0
16,0.29939516129032256,715,255,27408,4194304,153,,,,,,,,,,,0.726371284965035,0.2,0.0,17.117992401123047,0.17721762892376683,333.05,,,
17,0.28169014084507044,854,255,27614,4456448,161,0.14722824096679688,0.193708544,0.6879057884216309,0.852397033944726,0.015456911,0.0002878365184,-0.003462919107732887,-0.7286588600836694,64,0.35477012395858765,0.7776593603629977,0.24,0.0,16.817344665527344,0.2018706995412844,283.7,,,
18,0.2766830870279146,984,255,27793,4718592,169,0.11070060729980469,0.193315328,0.742662787437439,0.9434970039874315,0.008387707,0.00028707630079999997,-0.0035465586552163586,-0.6729418896138668,68,0.42645150423049927,0.7732231326219512,0.16,0.0,20.532032012939453,0.22650375939849623,369.03,,,
19,0.2619217081850534,1222,255,27970,4980736,178,0.10474395751953125,0.192922112,0.787804365158081,1.0243348474614322,0.007890297,0.00028631608319999995,-0.002579228367721953,-0.6285352660343051,72,0.46439555287361145,0.7887811988543372,0.16,0.0,19.5207462310791,0.25457166798107256,320.32,,,
20,0.28388746803069054,1446,255,28059,5242880,186,0.08651924133300781,0.192528896,0.830217182636261,1.1238752189092338,0.0074719926,0.0002855558656,-0.0030130608392937575,-0.5905086379498243,76,0.5568171739578247,0.7928579918741355,0.2,0.0,22.5654354095459,0.28223167539267013,355.64,,,
21,0.27928416485900215,1744,255,28170,5505024,195,0.0890045166015625,0.19213568000000003,0.8479847311973572,1.2232455192133784,0.009764081,0.00028479564799999997,-0.0014947710469641606,-0.5630125552415848,80,0.6038441061973572,0.8226575938933486,0.22,0.0,20.447616577148438,0.305986328125,293.45,,,
22,0.2739463601532567,2079,255,28774,5767168,200,0.1024017333984375,0.191742464,0.8649911284446716,1.5338373084863026,0.010672932,0.00028403543039999996,0.0063051756005734205,-0.5373122567931811,81,0.6860171556472778,0.8233939093314093,0.19,0.0,24.452634811401367,0.3307503818737271,338.45,,,
23,0.2721685689201054,2220,255,28854,6029312,208,0.11216545104980469,0.191349248,0.8768125176429749,1.5126863177865744,0.0123991,0.0002832752128,5.228433474258054e-05,-0.5226684957742691,85,0.6849598288536072,0.8510223113738739,0.26,0.0,23.830150604248047,0.34760322398190047,300.93,,,
,,,,,6291456,,0.1075168185763889,0.19095603200000003,0.8942174911499023,1.672795589323397,0.017890684,0.0002825149952,0.005099597905495169,-0.5071997051989591,87,0.783832311630249,,,,,,,592.16,97.38906860351562,0.0
24,0.2905375388716126,2143,255,28522,6291456,220,,,,,,,,,,,0.8643311800046664,0.24,0.0,17.443119049072266,0.3611587213010204,197.93,,,
25,0.29516423357664234,2078,255,28995,6553600,226,0.11648021024816177,0.19056281600000002,0.8943246603012085,1.8295583549667807,0.035151716,0.0002817547776,0.006343397236538722,-0.5054945051670074,89,0.8721950054168701,0.8645520031280077,0.21,0.0,22.618009567260742,0.37171105893782386,263.06,,,
26,0.3,1827,255,29567,6815744,230,0.13718959263392858,0.1901696,0.895459771156311,1.831302183015006,0.02203184,0.00028099455999999994,0.01292932974839849,-0.5064808811460223,90,0.9104893207550049,0.8619406814449918,0.21,0.0,24.652177810668945,0.3729624459654179,248.9,,,
27,0.29240631163708086,1816,255,29599,7077888,239,0.0948486328125,0.18977638400000002,0.8939045667648315,1.6869596308097243,0.0068034395,0.0002802343424,-0.000553784129806445,-0.5159369353204966,94,0.7678437232971191,0.878878286756608,0.27,0.0,18.13558006286621,0.3573133680555556,175.47,,,
28,0.2951501154734411,1982,255,30088,7340032,243,0.0857815212673611,0.18938316800000002,0.8809465765953064,1.820214158958859,0.01267328,0.00027947412479999997,0.0062781170450357925,-0.5117633839448293,95,0.9289878010749817,0.877309851160444,0.26,0.0,24.912965774536133,0.3451917389589905,218.1,,,
29,0.32296781232951444,1688,255,30445,7602176,249,0.12005771734775642,0.18898995200000002,0.8726925849914551,1.8979402841665807,0.035861723,0.0002787139072,0.008151668422401715,-0.512673685948054,97,0.9293466806411743,0.8442197682168247,0.22,0.0,26.48261070251465,0.3397887323943662,178.46,,,
30,0.30926724137931033,1710,255,30712,7864320,256,0.12812389026988635,0.18859673600000001,0.8862701654434204,1.7110573450724285,0.033059202,0.0002779536896,0.003962161546841151,-0.5090938607851664,100,0.8935925960540771,0.8462399488304093,0.16,0.0,22.732301712036133,0.3414327330508475,158.76,,,
31,0.3291005291005291,1714,255,31181,8126464,260,0.11931501116071429,0.18820352,0.8837510347366333,1.9853354011263167,0.017464034,0.00027719347199999997,0.0074396216909268075,-0.5047154937471662,101,0.9585447907447815,0.8583950189614936,0.29,0.0,27.182456970214844,0.34308690200617287,168.61,,,
,,,,,8388608,,0.072021484375,0.187810304,0.8868544697761536,1.7914311923086643,0.007615751,0.00027643325439999995,-0.0010541490996729408,-0.4912998513318598,105,0.9023779034614563,,,,,,,560.03,96.54116821289062,0.0
32,0.33068362480127184,1761,255,30578,8388608,274,,,,,,,,,,,0.8441581487791028,0.25,0.0,21.55792808532715,0.3441782252673797,133.12,,,
33,0.3368869936034115,1765,255,30995,8650752,279,0.15110426682692307,0.187417088,0.8653206825256348,2.138370532255906,0.020813359,0.0002756730368,0.012633635752046337,-0.48444944620132446,106,1.013681173324585,0.8408308250708215,0.34,0.0,20.660470962524414,0.35143195694087404,120.57,,,
34,0.3520263901979265,2037,255,30974,8912896,287,0.0803670883178711,0.187023872,0.8794459104537964,2.0452629467472434,0.009731462,0.0002749128192,-0.0006214849154275726,-0.479715587105602,110,0.962037205696106,0.8533382425135002,0.35,0.0,20.891063690185547,0.3589137801204819,119.98,,,
35,0.36706948640483383,1918,255,31359,9175040,292,0.14147186279296875,0.186630656,0.8707965612411499,2.3929464370012283,0.019521246,0.00027415260159999996,0.013747253819019534,-0.47354581579566,111,1.2313388586044312,0.8406421076642335,0.2,0.0,30.905113220214844,0.3611472800925926,205.97,,,
36,0.3603701687534023,1728,255,31324,9437184,301,0.10933494567871094,0.18623744,0.8857381343841553,2.299443546682596,0.008636316,0.000273392384,0.0007687043689657003,-0.47401977120898664,115,1.1873000860214233,0.8366676613136574,0.31,0.0,24.83560562133789,0.34967431265984655,165.46,,,
37,0.36768018018018017,1585,255,31295,9699328,309,0.11550045013427734,0.185844224,0.9010701179504395,2.105503828264773,0.014881902,0.0002726321664,0.001482668937114795,-0.46789842937141657,119,0.8886634707450867,0.8576276616719243,0.34,0.0,27.169689178466797,0.3553423341423948,171.36,,,
38,0.37037037037037035,1832,255,31683,9961472,314,0.163177490234375,0.18545100800000003,0.9095510244369507,2.0499350130558014,0.028876686,0.00027187194879999997,0.014883525262121111,-0.4555229917168617,120,1.0410102605819702,0.8559271799945415,0.36,0.0,23.2642879486084,0.34977709487534625,146.77,,,
39,0.3754752851711027,1970,255,32006,10223616,319,0.1182717715992647,0.185057792,0.8795801997184753,2.333227003321928,0.015901675,0.00027111173119999995,0.009682633027242607,-0.45258812343373017,121,1.1678112745285034,0.8653097239847716,0.38,0.0,18.037111282348633,0.361541581284153,103.92,,,
,,,,,10485760,,0.16855875651041666,0.184664576,0.8795815110206604,2.3987914323806763,0.0360439,0.0002703515136,0.017597759996230405,-0.44828100005785626,122,1.2813776731491089,,,,,,,554.43,91.4667739868164,0.0
40,0.3738361266294227,2027,255,31889,10485760,328,,,,,,,,,,,0.8634277102861372,0.31,0.0,14.631943702697754,0.35859168865435354,79.08,,,
41,0.3838582677165354,1929,255,32158,10747904,334,0.1250949435763889,0.18427136,0.8841963410377502,2.374868251659252,0.013844824,0.00026959129599999997,0.007835314721214,-0.45871274007691276,123,1.1480309963226318,0.8533100861845516,0.32,0.0,26.4429874420166,0.360821394836272,158.07,,,
42,0.4031124497991968,1896,255,32492,11010048,338,0.15269252232142858,0.18387814400000002,0.8896408081054688,2.3534044197627475,0.023479333,0.0002688310784,0.012493822224704283,-0.46174050654683796,124,1.1761518716812134,0.8486534150843882,0.35,0.0,20.76058578491211,0.3593459931930693,120.46,,,
43,0.3961038961038961,1863,255,32464,11272192,347,0.09880447387695312,0.183484928,0.8982945680618286,2.2069654017686844,0.0071170265,0.0002680708608,-0.0006860481230432924,-0.4579529231414199,128,1.0830992460250854,0.8596832226247987,0.39,0.0,23.467092514038086,0.3570593836565097,133.96,,,
44,0.3975346687211094,1790,255,32427,11534336,355,0.12457942962646484,0.18309171200000002,0.9067779779434204,2.058483911678195,0.014233658,0.0002673106432,0.0028390232646415825,-0.44706112472340465,132,0.9518559575080872,0.8595604923184358,0.38,0.0,26.808469772338867,0.34993394679300294,162.59,,,
45,0.41899441340782123,1779,255,32665,11796480,361,0.13285319010416666,0.18269849600000002,0.9059714078903198,2.132661634021335,0.029136661,0.00026655042559999996,0.006527899311751955,-0.4427783530619409,134,1.064574956893921,0.872406812113547,0.43,0.0,19.146276473999023,0.3557585685483871,94.75,,,
46,0.43740496705524584,1846,255,32924,12058624,366,0.117431640625,0.18230528000000001,0.897175669670105,2.1531924192722025,0.014360188,0.000265790208,0.008965197959556602,-0.43473412784246296,135,1.12505304813385,0.8573181879739978,0.38,0.0,25.33310317993164,0.3633336126005362,137.95,,,
47,0.44990079365079366,1886,255,33012,12320768,373,0.14313737736191862,0.181912064,0.8838455677032471,2.204144445962684,0.015178832,0.0002650299904,0.005292599961204931,-0.42989488847033924,138,1.080770492553711,0.8621213878579003,0.38,0.0,24.237232208251953,0.3666596283783784,133.82,,,
,,,,,12582912,,0.138330078125,0.181518848,0.8896820545196533,2.3069294929504394,0.020707984,0.00026426977279999996,0.015329327899962664,-0.42806910872459414,139,1.1179555654525757,,,,,,,564.65,96.17657470703125,0.0
48,0.4425287356321839,1778,255,32903,12582912,382,,,,,,,,,,,0.8565826244375703,0.31,0.0,29.582752227783203,0.37060010302197804,178.3,,,
49,0.4555052790346908,1879,255,32937,12845056,389,0.145301513671875,0.181125632,0.8910971879959106,2.1509155213832853,0.034824185,0.0002635095552,0.006605621003545821,-0.4225009739398956,143,1.041046142578125,0.8562254689994678,0.3,0.0,23.410717010498047,0.3738681891025641,130.33,,,
50,0.4658385093167702,1824,255,33022,13107200,396,0.12695477459881757,0.180732416,0.8966467976570129,2.1583871712555758,0.014790903,0.0002627493376,0.004366520008802213,-0.4161871015220075,146,1.0336965322494507,0.8525219298245614,0.41,0.0,25.18503189086914,0.3755680006377551,136.02,,,
51,0.4625615763546798,1955,255,33285,13369344,401,0.1200222439236111,0.1803392,0.9002268314361572,2.282095538245307,0.0160316,0.00026198911999999997,0.010323637630790472,-0.4114580386214786,147,1.1670701503753662,0.8496143702046036,0.39,0.0,28.31133270263672,0.36939338235294117,159.73,,,
52,0.47368421052631576,1881,255,33375,13631488,408,0.13574548669763514,0.179945984,0.8927447199821472,2.3190497933207332,0.028527755,0.00026122890239999995,0.0055873622674167765,-0.41156708992816304,150,1.2271226644515991,0.8634702286018076,0.38,0.0,24.18476104736328,0.37111503746594005,136.29,,,
53,0.45947265625,1930,255,33420,13893632,415,0.1284303129389045,0.179552768,0.899688720703125,2.1783563193310513,0.016867513,0.0002604686848,0.004159294619497037,-0.4042441466551148,153,1.131442666053772,0.8605387791450777,0.34,0.0,18.42501449584961,0.3692019797120419,96.02,,,
54,0.4780658025922233,1877,255,33693,14155776,420,0.15311686197916666,0.179159552,0.897486686706543,2.4305004278818765,0.03564757,0.0002597084672,0.017206238272289436,-0.4046121637026469,154,1.253525972366333,0.8608734017048482,0.42,0.0,24.03213882446289,0.36607142857142855,128.9,,,
55,0.494667343829355,1825,255,33640,14417920,428,0.09334278106689453,0.17876633600000003,0.8954591155052185,2.308030726388097,0.00738455,0.0002589482496,-0.0010312374797649682,-0.41221712762489915,158,1.1041510105133057,0.862900256849315,0.44,0.0,21.678794860839844,0.36657303370786515,112.24,,,
,,,,,14680064,,0.1464564732142857,0.17837312000000002,0.9112296104431152,2.026622714315142,0.026240788,0.000258188032,0.007198884777192559,-0.40777298297200887,160,0.9702785015106201,,,,,,,579.63,97.09159851074219,0.0
56,0.5074866310160427,1678,255,33473,14680064,438,,,,,,,,,,,0.8683840509535161,0.44,0.0,29.577062606811523,0.3564453125,163.99,,,
57,0.5517241379310345,1684,255,33704,14942208,443,0.1244040096507353,0.177979904,0.9020386338233948,2.126600097207462,0.013824122,0.0002574278144,0.007628212093978244,-0.40126291969243216,161,1.0196651220321655,0.8639724985154394,0.46,0.0,30.183576583862305,0.3638409870426829,167.49,,,
58,0.5760571114772103,1659,255,33624,15204352,452,0.09610557556152344,0.177586688,0.8962981104850769,2.0197421070188284,0.0071314382,0.00025666759679999996,-0.00034309130751353223,-0.39160026027821004,165,0.9727928042411804,0.8606629558468957,0.43,0.0,30.574411392211914,0.3701229659763314,166.65,,,
59,0.6144329896907217,1834,255,33724,15466496,458,0.1003024193548387,0.17719347200000002,0.8822321891784668,2.2038585774360167,0.009998808,0.0002559073792,0.0034263533701549376,-0.38474919286466414,167,1.0666700601577759,0.8572003646401308,0.55,0.0,21.490406036376953,0.3817615799492386,100.63,,,
60,0.6185671039354188,1909,255,33958,15728640,463,0.13092041015625,0.17680025600000002,0.8678919672966003,3.099696922302246,0.01869235,0.0002551471616,0.010594484815374016,-0.3771373391151428,168,1.5033923387527466,0.8499746267679413,0.43,0.0,31.122394561767578,0.3753384806791569,168.66,,,
61,0.6317567567567568,1985,255,33940,15990784,471,0.10567541289747807,0.17640704000000001,0.8837698101997375,2.297219487658718,0.019917065,0.00025438694399999997,0.0017460286443677258,-0.3759964811697341,172,1.0400242805480957,0.862509839420655,0.38,0.0,27.779199600219727,0.38651066888619856,151.86,,,
62,0.6284230406043437,2021,255,34090,16252928,476,0.10276442307692307,0.176013824,0.8783944249153137,2.6282938627096324,0.01744636,0.00025362672639999995,0.005367157721103957,-0.37043025096257526,174,1.19512140750885,0.8655619897328055,0.6,0.0,26.278608322143555,0.3762406947890819,122.43,,,
63,0.6146366427840327,1851,255,34095,16515072,484,0.11033700365538991,0.175620608,0.8573887944221497,2.8451887555078628,0.016549842,0.0002528665088,0.003583667337373241,-0.3737136885660504,178,1.4286799430847168,0.8575938681793626,0.51,0.0,24.089183807373047,0.38476070528967254,121.86,,,
,,,,,16777216,,0.11362266540527344,0.175227392,0.8520700931549072,2.7919364664703608,0.010659611,0.0002521062912,0.0032443045211039134,-0.37311996798962355,182,1.2634681463241577,,,,,,,592.61,99.04861450195312,0.0
64,0.6059165346011621,1751,255,33701,16777216,497,,,,,,,,,,,0.8620855047115934,0.43,0.0,30.919565200805664,0.37752051326815644,161.5,,,
65,0.6487455197132617,1803,255,33862,17039360,503,0.12939453125,0.174834176,0.8682072758674622,2.6240388325282504,0.035529893,0.0002513460736,0.0075293842370488815,-0.3692077798502786,184,1.3282240629196167,0.8702899681087077,0.46,0.0,39.144203186035156,0.37997767857142856,216.88,,,
66,0.7142096860031932,1708,255,33808,17301504,511,0.10259723663330078,0.17444096,0.8655421733856201,2.552541373297572,0.018913943,0.000250585856,0.002817936669998744,-0.3651266135275364,188,1.1273438930511475,0.8725025614754098,0.59,0.0,24.64812660217285,0.3748693958966565,112.9,,,
67,0.7316428948758584,1758,255,33770,17563648,520,0.09058094024658203,0.174047744,0.8658592700958252,2.287945782765746,0.0054928474,0.0002498256384,0.0011651666991383536,-0.3565108967013657,192,1.0422402620315552,0.8650499502275313,0.56,0.0,33.11690139770508,0.38276969178082193,164.16,,,
68,0.7626112759643917,1867,255,33752,17825792,528,0.11369945384837964,0.173654528,0.8529314994812012,2.4123063771813005,0.01440388,0.0002490654208,0.003458213686287679,-0.3498501071223506,196,1.1569463014602661,0.8787242233529727,0.58,0.0,28.643293380737305,0.3780004528985507,127.75,,,
69,0.7673293927995701,1748,255,33904,18087936,533,0.118408203125,0.173261312,0.8552173972129822,2.414980341990789,0.012574171,0.0002483052032,0.0066115582594648,-0.3487742741902669,197,1.2266876697540283,0.8557950157322655,0.55,0.0,35.849952697753906,0.37689760981912146,171.11,,,
70,0.7952182952182952,1818,255,33974,18350080,540,0.1283079335387324,0.172868096,0.8520960807800293,2.508282201390871,0.033626538,0.0002475449856,0.005061321962349327,-0.35026058008973027,200,1.167858600616455,0.8605030424917491,0.66,0.0,28.754039764404297,0.3797687975888325,127.0,,,
71,0.803729146221786,1952,247,33977,18612224,547,0.12274105674342105,0.17247488,0.85944002866745,2.418788796976993,0.017222194,0.00024678476799999997,0.003798205499831391,-0.34313037834669413,203,1.1535061597824097,0.8632532338627049,0.62,0.0,31.392333984375,0.3784816576086957,148.72,,,
,,,,,18874368,,0.150909423828125,0.17208166400000002,0.866573691368103,2.57646644115448,0.026187913,0.0002460245504,0.012721554085146636,-0.3431791439652443,204,1.3867290019989014,,,,,,,592.93,100.73831176757812,0.0
72,0.7178612059158134,1224,247,33890,18874368,556,,,,,,,,,,,0.8163009344362745,0.43,0.0,40.36982727050781,0.3805819746376812,221.25,,,
73,0.6070359281437125,1205,247,33839,19136512,565,0.1165151596069336,0.17168844800000002,0.8762519955635071,2.1058305921033025,0.008813895,0.0002452643328,0.0021611796073557343,-0.33372882031835616,208,0.9521445631980896,0.7957047458506225,0.45,0.0,41.51881790161133,0.38682461043360433,232.25,,,
74,0.5905024088093599,1332,247,33841,19398656,573,0.1230633075420673,0.17129523200000002,0.8635661005973816,2.3712264712040243,0.01824021,0.00024450411520000003,0.004186231342968172,-0.3173996553971217,212,1.1508831977844238,0.8085262997372372,0.46,0.0,42.680686950683594,0.3818539742744063,240.37,,,
75,0.5625,1445,247,33977,19660800,578,0.08078163548519737,0.170902016,0.8631396889686584,2.5934797525405884,0.021948265,0.00024374389759999998,0.0024652819143069025,-0.3078281777469735,214,1.2993680238723755,0.8200286548442907,0.38,0.0,36.66780090332031,0.37816022877984085,203.26,,,
76,0.5295202952029521,1483,247,33930,19922944,587,0.08641529083251953,0.17050880000000002,0.8422532081604004,3.0416723154485226,0.0038767436,0.00024298368,0.0010740144625742687,-0.30089954659342766,218,1.5697764158248901,0.8324052806810519,0.39,0.0,39.369140625,0.3784357492997199,221.93,,,
77,0.6025878003696857,1476,247,33876,20185088,595,0.07868194580078125,0.17011558400000001,0.8359068036079407,3.0119452867656946,0.007876804,0.00024222346239999998,0.0011146117312819115,-0.28767925105057657,222,1.5196818113327026,0.8364032859078591,0.54,0.0,29.455698013305664,0.37965872875354106,155.34,,,
78,0.619375,1427,247,34017,20447232,601,0.068695068359375,0.169722368,0.8561379909515381,2.83775623355593,0.007641554,0.00024146324479999996,0.004243813039335821,-0.2798068257314818,223,1.43520188331604,0.8411029476173791,0.51,0.0,32.89362335205078,0.37767584097859325,177.43,,,
79,0.6771907216494846,1346,247,33964,20709376,609,0.09647464752197266,0.169329152,0.8628650307655334,2.6241053137928247,0.01250249,0.00024070302719999997,0.00324583148722013,-0.27744931541383266,227,1.2016366720199585,0.8529468099925706,0.59,0.0,42.21025848388672,0.3839152848639456,220.81,,,
,,,,,20971520,,0.058793067932128906,0.168935936,0.887934684753418,2.1276694694533944,0.0040644514,0.00023994280959999998,-0.0005900908536204952,-0.2734389847610146,231,0.9913089871406555,,,,,,,596.85,101.62438201904297,0.0
80,0.7327422419252692,1419,247,33674,20971520,622,,,,,,,,,,,0.845096128435518,0.5,0.0,41.98939514160156,0.39952895220588236,231.68,,,
81,0.7053789731051344,1523,247,33783,21233664,628,0.04642630912162162,0.16854272,0.8863918781280518,2.2192868026527197,0.016043013,0.000239182592,0.002150949279500826,-0.2680179388136477,233,1.1550294160842896,0.8321364084044649,0.48,0.0,39.001380920410156,0.38936329134366926,219.69,,,
82,0.7145411203814065,1463,247,33742,21495808,637,0.11208248138427734,0.168149504,0.8556622266769409,2.653180565685034,0.0129308645,0.0002384223744,0.003765691979424446,-0.27177053573541343,237,1.1901551485061646,0.8661995898838004,0.65,0.0,33.72767639160156,0.3759731359649123,163.37,,,
83,0.7075640262060751,1485,247,33850,21757952,642,0.09295184795673077,0.16775628800000003,0.8633368015289307,2.443635200842833,0.029927714,0.0002376621568,0.005516874705417416,-0.2668697566558153,239,1.152666687965393,0.8560369318181819,0.51,0.0,35.08088302612305,0.36750663807189543,190.17,,,
84,0.6855733662145499,1379,247,33941,22020096,648,0.11927577427455358,0.167363072,0.8429989814758301,2.8417851797172,0.016781848,0.00023690193919999997,0.005227863489251051,-0.2765155993402004,241,1.249403715133667,0.867603902284264,0.63,0.0,36.56136703491211,0.3606821498054475,189.67,,,
85,0.8289817232375979,1285,239,33892,22282240,657,0.10474777221679688,0.166969856,0.8620248436927795,2.246844115667045,0.007940339,0.00023614172159999998,0.0029789626496494748,-0.26518395473249257,245,0.9442516565322876,0.8672726167315176,0.73,0.0,31.7257137298584,0.3602087450592885,145.32,,,
86,0.8295964125560538,1196,231,33861,22544384,665,0.07094669342041016,0.16657664,0.8779545426368713,1.8039149064570665,0.011728469,0.000235381504,-0.0001299632340305834,-0.2632273002527654,249,0.8056883215904236,0.8315511339882943,0.5,0.0,50.152565002441406,0.36703330592105265,298.52,,,
87,0.6867469879518072,962,231,33817,22806528,674,0.10432147979736328,0.166183424,0.8906183838844299,1.7820402355864644,0.013561659,0.00023462128639999998,0.00284958425527293,-0.2605203231796622,253,0.8045964241027832,0.7851643711018711,0.55,0.0,40.7653694152832,0.36544410654362414,225.68,,,
,,,,,23068672,,0.09698486328125,0.165790208,0.9073876142501831,1.75383354537189,0.00720075,0.00023386106879999996,0.0021890896723562037,-0.2541946755954996,257,0.8249041438102722,,,,,,,589.3,99.56192016601562,0.0
88,0.5879120879120879,886,231,33584,23068672,686,,,,,,,,,,,0.7617937006207675,0.26,0.0,44.79141616821289,0.3801684736394558,289.67,,,
89,0.38461538461538464,978,231,33706,23330816,692,0.08968505859375,0.16539699200000002,0.9140937328338623,1.838076150417328,0.011727711,0.0002331008512,0.006604115773613254,-0.2454473872979482,258,0.9590786695480347,0.7488097520449898,0.21,0.0,39.74970245361328,0.38052472741433024,281.38,,,
90,0.28363324764353043,954,231,33864,23592960,696,0.1176513671875,0.165003776,0.9001081585884094,2.2643502235412596,0.032194454,0.00023234063359999998,0.015146838128566742,-0.24047399759292604,259,1.0862077474594116,0.7597164897798742,0.25,0.0,49.5616569519043,0.3716653963414634,339.45,,,
91,0.27703826955074873,1031,231,34031,23855104,700,0.11588541666666667,0.16461056000000002,0.9048992991447449,2.1308646996816,0.030503593,0.000231580416,0.017897723708301783,-0.2292995552221934,260,1.1493337154388428,0.7498901248787585,0.19,0.0,35.690399169921875,0.37537993920972645,260.67,,,
92,0.222537207654146,1191,231,34147,24117248,706,0.1109323212594697,0.16421734400000002,0.8940505981445312,2.4481750184839424,0.07269549,0.0002308201984,0.009026168521042124,-0.22691806654135385,262,1.3638949394226074,0.7920077665827037,0.12,0.0,32.265594482421875,0.36787109375,255.46,,,
93,0.18681318681318682,1097,231,34103,24379392,714,0.08238029479980469,0.163824128,0.904449462890625,2.1860485188663006,0.0057133157,0.0002300599808,-1.014378540276084e-06,-0.22856832318939269,266,0.96021968126297,0.8015005412488605,0.14,0.0,28.293560028076172,0.36882071659482757,237.49,,,
94,0.16102332580887885,1072,231,34215,24641536,720,0.06922638721955128,0.163430912,0.9185652732849121,2.108820365025447,0.03352615,0.00022929976319999997,0.0041397493317699395,-0.22185890758648896,268,1.0479621887207031,0.7954320195895522,0.13,0.0,26.980541229248047,0.3807709619341564,230.51,,,
95,0.14170927684441198,1116,231,34183,24903680,728,0.06921195983886719,0.163037696,0.9185605049133301,2.089745182543993,0.003546082,0.0002285395456,0.0010629890057316516,-0.2163459655130282,272,1.0204880237579346,0.7956009184587813,0.13,0.0,34.079551696777344,0.37618610829959515,281.5,,,
,,,,,25165824,,0.09186299641927083,0.16264447999999998,0.9302511215209961,1.9581090609232585,0.016652724,0.00022777932799999997,0.007830814099482572,-0.21230529807507992,273,0.9569990634918213,,,,,,,604.43,86.81683349609375,0.0
96,0.15076474872541878,1109,231,34061,25165824,738,,,,,,,,,,,0.800245857754734,0.05,0.0,27.30622100830078,0.3732123940677966,254.84,,,
97,0.11704312114989733,1169,231,34031,25427968,747,0.08308792114257812,0.162251264,0.9307828545570374,1.7865420766174793,0.005432067,0.00022701911039999998,0.0008634201858512824,-0.2156370683806017,277,0.901378333568573,0.8116111526946108,0.1,0.0,22.478988647460938,0.35267052283653844,222.05,,,
98,0.09601081812035159,1165,231,33990,25690112,755,0.09174251556396484,0.161858048,0.9352908134460449,1.7461316753178835,0.008619465,0.0002262588928,0.0015304470061892061,-0.21816364512778819,281,0.8159803748130798,0.8190853004291846,0.05,0.0,20.705429077148438,0.3519405241935484,225.61,,,
99,0.06901217861975643,1162,231,34101,25952256,761,0.07639447380514706,0.161464832,0.9450104832649231,1.6739348032895256,0.03463813,0.0002254986752,0.004187000864048433,-0.22388892270186367,283,0.8270699977874756,0.817962699010327,0.04,0.0,16.767236709594727,0.351753566576087,193.79,,,
100,0.06400550584996559,1153,231,34213,26214400,766,0.11581105199353449,0.16107161600000003,0.9484996199607849,1.6212504403344516,0.016790308,0.00022473845759999998,0.009009341432327598,-0.22754259304753666,284,0.8250681161880493,0.8076722408933218,0.06,0.0,21.6572265625,0.3429296875,203.81,,,
101,0.07247386759581882,1136,231,34185,26476544,774,0.09691905975341797,0.1606784,0.9396891593933105,1.571616105735302,0.0066808113,0.00022397824000000002,0.0021337476218832307,-0.23228526825550944,288,0.7006853222846985,0.8121561399647887,0.04,0.0,26.470651626586914,0.36263992537313433,240.4,,,
102,0.0685785536159601,1327,231,34309,26738688,779,0.10851287841796875,0.160285184,0.945060133934021,1.7373706623911858,0.01828867,0.00022321802239999998,0.009560099788359366,-0.22972828801721334,289,0.870841920375824,0.8180046627731725,0.01,0.0,18.619592666625977,0.3577809697309417,181.44,,,
103,0.05392809587217044,1230,231,34441,27000832,783,0.12750244140625,0.159891968,0.9388868808746338,1.833511660496394,0.020445876,0.0002224578048,0.009773162882387018,-0.24655809377630553,290,0.9429661631584167,0.803515625,0.01,0.0,25.61157989501953,0.3538754111842105,229.48,,,
,,,,,27262976,,0.123291015625,0.159498752,0.9481070041656494,1.5948916673660278,0.023851804,0.00022169758719999997,0.011594919924391434,-0.24197211116552353,291,0.7999910116195679,,,,,,,615.16,91.2260971069336,0.0
104,0.04754937820043892,1105,231,34356,27262976,793,,,,,,,,,,,0.7858703337104073,0.03,0.0,25.429759979248047,0.35405724789915966,231.3,,,
105,0.04729214340198322,1037,231,34499,27525120,797,0.13997395833333334,0.159105536,0.9516507387161255,1.5539451837539673,0.048675116,0.00022093736959999995,0.02523583748067419,-0.2398051122824351,292,0.8500887751579285,0.7838792791706847,0.02,0.0,24.553808212280273,0.3467747511061947,227.25,,,
106,0.044926413632842756,979,231,34465,27787264,806,0.10985088348388672,0.15871232000000002,0.9556481838226318,1.2527264598757029,0.011407584,0.000220177152,0.0026974134334523114,-0.24066767236217856,296,0.6098654866218567,0.796444075587334,0.02,0.0,23.467086791992188,0.3475315824468085,243.97,,,
107,0.03728070175438596,1041,231,34462,28049408,813,0.10915411086309523,0.158319104,0.9604861736297607,1.1366335988044738,0.025991578,0.00021941693439999998,0.0033363068831108863,-0.23842832318374088,300,0.5492332577705383,0.8087551032660903,0.06,0.0,23.794696807861328,0.34799494219653176,246.36,,,
108,0.06417546709991877,958,231,34584,28311552,818,0.11807861328125,0.15792588800000001,0.9553552269935608,1.2639767289161683,0.0213237,0.0002186567168,0.011624775687232613,-0.23242277503013611,301,0.6670877933502197,0.7779798408141962,0.04,0.0,28.486600875854492,0.3619390143171806,254.46,,,
109,0.09361069836552749,1104,231,34718,28573696,823,0.115325927734375,0.157532672,0.9442173838615417,1.5152317583560944,0.0262455,0.0002178964992,0.01564860437065363,-0.22606078907847404,302,0.7394505143165588,0.7841938405797102,0.1,0.0,33.08964157104492,0.36122214147286824,281.43,,,
110,0.10469591993841416,1090,231,34676,28835840,831,0.12391090393066406,0.157139456,0.9313428401947021,1.5080161932855844,0.018537851,0.0002171362816,0.0059190937790845055,-0.22353103617206216,306,0.7028278708457947,0.7675602064220184,0.1,0.0,27.8703670501709,0.36882517182130586,240.69,,,
111,0.11322188449848024,1053,231,34636,29097984,840,0.10729598999023438,0.15674624,0.9397112131118774,1.4256012625992298,0.016148806,0.00021637606399999996,0.0042262419101462,-0.2160592720611021,310,0.624456524848938,0.7928722993827161,0.07,0.0,28.15520668029785,0.3713409810126582,245.85,,,
,,,,,29360128,,0.0891009831832627,0.156353024,0.9450445175170898,1.4668310658406403,0.014074462,0.0002156158464,0.004954106324368109,-0.20843906902660758,312,0.8247801065444946,,,,,,,589.04,92.82219696044922,0.0
112,0.10603829160530191,1120,231,34492,29360128,851,,,,,,,,,,,0.787890625,0.14,0.0,25.540075302124023,0.3735537929389313,220.97,,,
113,0.1092814371257485,1080,231,34581,29622272,856,0.10172416068412163,0.15595980799999998,0.9357658624649048,1.6828648915161957,0.022534527,0.00021485562879999999,0.006755731571969148,-0.20835044416221413,314,0.7914855480194092,0.7959056712962963,0.13,0.0,34.10834503173828,0.3880795338114754,292.73,,,
114,0.15285599356395815,959,231,34716,29884416,860,0.108795166015625,0.155566592,0.9412658214569092,1.666711002588272,0.027465891,0.00021409541119999997,0.01707287412136793,-0.19710255041718483,315,0.8543856143951416,0.7973474973931178,0.12,0.0,32.726707458496094,0.3829210069444444,274.36,,,
115,0.19696969696969696,980,231,34678,30146560,869,0.04996681213378906,0.155173376,0.938987135887146,1.4908255273476243,0.0026739712,0.00021333519359999998,-0.0010504899642000964,-0.19456368894316256,319,0.6794942021369934,0.7962093431122449,0.13,0.0,30.346790313720703,0.3720616703539823,254.26,,,
116,0.24623911322248615,971,231,34641,30408704,877,0.06427669525146484,0.15478016,0.9300448894500732,1.7957662642002106,0.007919742,0.000212574976,0.0009574108062224695,-0.1914489046903327,323,0.7214815616607666,0.8092494850669413,0.24,0.0,33.15071105957031,0.3687274639423077,280.34,,,
117,0.31166666666666665,936,231,34663,30670848,884,0.08388562148876405,0.154386944,0.934064507484436,1.5503022697534454,0.018162575,0.0002118147584,0.003885904834553432,-0.18652368445744674,326,0.7399595379829407,0.7924387353098291,0.22,0.0,39.951454162597656,0.3706965042372881,319.62,,,
118,0.3371996685998343,936,231,34633,30932992,893,0.06991100311279297,0.153993728,0.9353317022323608,1.4810179062187672,0.0032192087,0.0002110545408,0.001454073428249103,-0.17887495644390583,330,0.718094527721405,0.7966037326388888,0.23,0.0,33.86442565917969,0.36534525109170307,276.63,,,
119,0.3610411418975651,904,231,34590,31195136,901,0.05703544616699219,0.15360051200000002,0.9360601305961609,1.5025309827178717,0.008196086,0.0002102943232,0.0005066239418738405,-0.17374078079592437,334,0.656879186630249,0.8041732923119469,0.38,0.0,33.77020263671875,0.37455985915492956,260.84,,,
,,,,,31457280,,0.044826507568359375,0.153207296,0.9405326843261719,1.3938807742670178,0.0036598332,0.00020953410559999998,-0.0007222038984764367,-0.16985584993381053,338,0.6887079477310181,,,,,,,584.72,95.12651062011719,0.0
120,0.39065108514190316,858,231,34384,31457280,914,,,,,,,,,,,0.835309222027972,0.35,0.0,37.83831024169922,0.3655517578125,292.75,,,
121,0.4583333333333333,842,231,34367,31719424,922,0.039539337158203125,0.15281408000000002,0.9404417276382446,1.3469451637938619,0.0024812177,0.000208773888,-0.0009207716452692694,-0.163910842849873,342,0.6270799040794373,0.8191619655581948,0.37,0.0,36.801971435546875,0.3751233552631579,289.08,,,
122,0.49471830985915494,824,231,34339,31981568,931,0.03990936279296875,0.152420864,0.9408149719238281,1.3241021949797869,0.0028242134,0.00020801367039999997,-0.0007028428399280529,-0.16250855720136315,346,0.5644207000732422,0.8205210861650486,0.4,0.0,37.79174041748047,0.37510388962765956,289.31,,,
123,0.5469422911283376,872,231,34306,32243712,939,0.04201793670654297,0.152027648,0.9438086748123169,1.2140210252255201,0.002393019,0.00020725345279999998,-0.0008581254774071567,-0.1567003153031692,350,0.6289610266685486,0.8204155318233946,0.49,0.0,41.450439453125,0.3850340639810427,290.61,,,
124,0.5938349954669084,813,231,34287,32505856,948,0.04760932922363281,0.15163443199999999,0.943030834197998,1.2314898408949375,0.003026274,0.00020649323519999997,-0.00017436538473702967,-0.1525968798669055,354,0.5762696266174316,0.8124087100246002,0.48,0.0,42.97072219848633,0.3820684523809524,310.33,,,
125,0.592048401037165,857,231,34263,32768000,956,0.04399871826171875,0.151241216,0.9437863230705261,1.2055276148021221,0.0028546248,0.0002057330176,-0.0001860150405263994,-0.14842329418752342,358,0.5925549268722534,0.825426633605601,0.42,0.0,42.45820617675781,0.386953125,312.86,,,
126,0.6115916955017301,842,231,34240,33030144,964,0.040825843811035156,0.150848,0.9420528411865234,1.21610838919878,0.002676626,0.0002049728,-0.00017586331841812353,-0.14445346302818507,362,0.5418635010719299,0.8368885466152018,0.55,0.0,45.701072692871094,0.3836945564516129,319.99,,,
127,0.6390728476821192,907,231,34336,33292288,969,0.0416552734375,0.150454784,0.9411259889602661,1.28468692779541,0.0054285713,0.0002042125824,0.0031066352548077703,-0.1414669930934906,363,0.6725780963897705,0.8349770879272327,0.49,0.0,36.5692024230957,0.37386149497487436,271.84,,,
,,,,,33554432,,0.06399154663085938,0.150061568,0.9350581169128418,1.4123607138171792,0.0035900609,0.0002034523648,0.00178591364328895,-0.14204963215161115,367,0.6188910603523254,,,,,,,608.44,95.83275604248047,0.0
128,0.6004842615012107,912,231,34129,33554432,983,,,,,,,,,,,0.8503717790570176,0.4,0.0,40.218910217285156,0.3832866690751445,302.13,,,
129,0.5810055865921788,940,231,34110,33816576,991,0.037652015686035156,0.149668352,0.9358574748039246,1.5079233096912503,0.0023228102,0.0002026921472,9.945919964593486e-05,-0.1431880679447204,371,0.6445613503456116,0.8456823470744681,0.55,0.0,37.2491340637207,0.38734542112299464,271.9,,,
130,0.600997506234414,865,231,34086,34078720,999,0.0805196762084961,0.149275136,0.9375849962234497,1.3190846145153046,0.008230705,0.00020193192959999998,0.005115170481076348,-0.14058996527455747,375,0.6556530594825745,0.8509980130057804,0.52,0.0,38.8708381652832,0.37439718364197533,280.2,,,
131,0.6089068825910932,910,231,34065,34340864,1008,0.0430908203125,0.14888192,0.9404712915420532,1.2713522892445326,0.003468309,0.00020117171199999996,-0.0003058851052628597,-0.14069899986498058,379,0.6162148118019104,0.8485877403846154,0.53,0.0,44.272796630859375,0.3665178571428571,318.25,,,
132,0.6107784431137725,836,231,34041,34603008,1016,0.04736518859863281,0.148488704,0.936458945274353,1.357570992782712,0.0033925031,0.00020041149439999997,0.00014216951376511133,-0.14161662384867668,383,0.6634765863418579,0.8443714488636364,0.43,0.0,46.3389892578125,0.3735263847305389,332.09,,,
133,0.6199484092863284,822,231,34017,34865152,1024,0.06080341339111328,0.148095488,0.9433459043502808,1.1761346329003572,0.0041068816,0.00019965127679999998,0.0015532415568486613,-0.1412205167580396,387,0.5186669826507568,0.8524178832116789,0.52,0.0,41.08135223388672,0.38502358490566035,309.69,,,
134,0.6590509666080844,778,231,33993,35127296,1033,0.06508541107177734,0.147702272,0.9416978359222412,1.2523113740608096,0.002911753,0.0001988910592,0.0028757583368133055,-0.139710184186697,391,0.7234870791435242,0.8624327201156813,0.47,0.0,46.211910247802734,0.3790736607142857,329.16,,,
135,0.6989247311827957,777,231,33974,35389440,1041,0.03125,0.147309056,0.9417451024055481,1.2169987857341766,0.001636893,0.0001981308416,-0.0007643738604201644,-0.13916729006450623,395,0.6589540839195251,0.8501095962033463,0.56,0.0,47.670318603515625,0.37182162267080743,330.75,,,
,,,,,35651584,,0.06361083984375,0.14691584000000002,0.9399811029434204,1.3104235649108886,0.01847415,0.000197370624,0.012239190889522434,-0.14386463761329651,396,0.6646533012390137,,,,,,,587.31,95.83394622802734,0.0
136,0.6865203761755486,950,231,33921,35651584,1051,,,,,,,,,,,0.8613034539473684,0.45,0.0,37.73434066772461,0.38665140086206895,276.7,,,
137,0.46174863387978143,1168,231,34029,35913728,1055,0.09086100260416667,0.14652262400000002,0.922970175743103,1.6299455960591633,0.031219443,0.00019661040640000003,0.020505630876868963,-0.16207181413968405,397,0.9152923226356506,0.8404524293664384,0.29,0.0,26.424795150756836,0.3626685049019608,226.23,,,
138,0.2857142857142857,1140,231,34130,36175872,1059,0.082763671875,0.14612940800000002,0.9022902250289917,2.7439211209615073,0.014981397,0.0001958501888,0.009211162415643534,-0.17135052548514473,398,1.2568140029907227,0.8500445449561403,0.2,0.0,27.660133361816406,0.3584735576923077,250.91,,,
139,0.26604068857589985,950,231,34110,36438016,1068,0.06931209564208984,0.14573619200000001,0.924721896648407,1.8764210240915418,0.007415806,0.0001950899712,0.0013130395859661803,-0.17096592776942998,402,0.9437282085418701,0.8217763157894736,0.19,0.0,31.1099910736084,0.361827761627907,271.07,,,
140,0.26062091503267976,885,231,34087,36700160,1076,0.0662546157836914,0.14534297599999998,0.9388620257377625,1.6508640451356769,0.0057805674,0.00019432975359999998,0.0007636675723006192,-0.17069849302060902,406,0.7673715353012085,0.821879413841808,0.23,0.0,31.366443634033203,0.3548136645962733,274.6,,,
141,0.3356828193832599,794,231,34062,36962304,1085,0.09739875793457031,0.14494975999999998,0.938658595085144,1.4805579436942935,0.016267851,0.00019356953599999996,0.005176478616704117,-0.16537024406716228,410,0.7125893235206604,0.8253158454030227,0.35,0.0,38.671878814697266,0.36519752358490565,299.18,,,
142,0.40937781785392247,793,231,34038,37224448,1093,0.07828426361083984,0.144556544,0.937944233417511,1.372074382379651,0.008770136,0.0001928093184,0.002360762936859828,-0.16416854062117636,414,0.6439210772514343,0.8103720050441362,0.31,0.0,39.586212158203125,0.36385444972826086,314.85,,,
143,0.48598130841121495,737,231,34018,37486592,1101,0.061745643615722656,0.144163328,0.9299451112747192,1.472740402445197,0.004130176,0.00019204910079999998,0.000979109433501435,-0.15955261641647667,418,0.6850351691246033,0.8210280274762551,0.46,0.0,42.86005401611328,0.3628134356287425,311.0,,,
,,,,,37748736,,0.06281757354736328,0.143770112,0.9310190677642822,1.3660895200446248,0.0034387994,0.00019128888320000002,0.0009528510699965409,-0.154428034205921,422,0.5915541052818298,,,,,,,580.1,95.46113586425781,0.0
144,0.5730442978322338,759,231,33860,37748736,1114,,,,,,,,,,,0.8088973978919631,0.42,0.0,46.93672180175781,0.37302714646464646,364.35,,,
145,0.6126954921803128,812,231,33836,38010880,1123,0.05499267578125,0.143376896,0.9324941039085388,1.3192224381491542,0.0033770697,0.0001905286656,0.0003354466243763454,-0.14953071111813188,426,0.6053754091262817,0.7992274091748769,0.53,0.0,45.7494010925293,0.3702951388888889,331.66,,,
146,0.6669847328244275,762,231,33817,38273024,1131,0.061293601989746094,0.14298368,0.9335286021232605,1.3067104136571288,0.004279338,0.000189768448,0.0012658096175073297,-0.1433516264660284,430,0.5631420016288757,0.8017911335301837,0.58,0.0,50.623355865478516,0.3704001168224299,367.71,,,
147,0.684981684981685,765,231,33792,38535168,1140,0.06125354766845703,0.142590464,0.9316751956939697,1.3447421919554472,0.007275639,0.0001890082304,0.0019800480463345593,-0.13595276069827378,434,0.7491832971572876,0.8353758169934641,0.62,0.0,52.649497985839844,0.3819770592485549,371.58,,,
148,0.677797833935018,792,231,33831,38797312,1146,0.06310317095588236,0.142197248,0.9340456128120422,1.264254564748091,0.021641964,0.0001882480128,0.004482664368183845,-0.1330305288600571,437,0.5922238826751709,0.8329584911616161,0.51,0.0,47.65425109863281,0.3842136548913043,336.82,,,
149,0.7082969432314411,831,231,33810,39059456,1155,0.060558319091796875,0.141804032,0.9307941198348999,1.3673615464940667,0.0022791787,0.0001874877952,0.0021007931891290355,-0.1331557541852817,441,0.617058515548706,0.8435384702166066,0.55,0.0,52.430519104003906,0.3918850806451613,380.56,,,
150,0.7222222222222222,818,231,33876,39321600,1160,0.06003220016891892,0.141410816,0.9292027354240417,1.3315529114491231,0.031135583,0.00018672757759999998,0.005397733338680622,-0.1310603087012832,443,0.6738812327384949,0.8399965617359413,0.56,0.0,46.46614074707031,0.3804984714673913,334.92,,,
151,0.696969696969697,828,231,33861,39583744,1169,0.07119178771972656,0.1410176,0.9260568022727966,1.29542482085526,0.00390552,0.00018596736,0.0027933362352996483,-0.13258697849232703,447,0.6025556325912476,0.8441085446859904,0.51,0.0,42.20530319213867,0.372042088150289,315.76,,,
,,,,,39845888,,0.07106876373291016,0.140624384,0.9253390431404114,1.3327858187258244,0.0042386362,0.0001852071424,0.002681163522083807,-0.13283498771488667,451,0.5898221731185913,,,,,,,620.01,93.29125213623047,0.0
152,0.6878661087866109,825,231,33628,39845888,1184,,,,,,,,,,,0.8752130681818182,0.63,0.0,43.317928314208984,0.3708233173076923,333.13,,,
153,0.7216054654141759,818,231,33728,40108032,1189,0.08026123046875,0.14023116800000002,0.9316472411155701,1.274030864238739,0.025707517,0.0001844469248,0.010495912050828338,-0.12968499585986137,452,0.6149536371231079,0.8647568383251834,0.72,0.0,44.34870529174805,0.3611819727891156,312.34,,,
154,0.7776689520078355,662,231,33713,40370176,1197,0.0651559829711914,0.13983795200000002,0.9267071485519409,1.168807340785861,0.003887655,0.00018368670720000002,0.0027088430474577763,-0.12801402009790763,456,0.5286747217178345,0.8546957609516617,0.63,0.0,49.633487701416016,0.3818151595744681,347.58,,,
155,0.843155031731641,758,223,33804,40632320,1201,0.06849161783854167,0.139444736,0.9389970302581787,1.024767463405927,0.012976431,0.0001829264896,0.008041234725775817,-0.12609841426213583,457,0.4972909688949585,0.8619568354221636,0.62,0.0,48.66770553588867,0.37457157258064516,343.36,,,
156,0.7821939586645469,815,223,33900,40894464,1206,0.07781982421875,0.13905152,0.9311341047286987,1.360403150320053,0.02425604,0.000182166272,0.018456945661455393,-0.12292344868183136,458,0.7117258310317993,0.8421108128834356,0.59,0.0,47.129451751708984,0.3797043010752688,341.61,,,
157,0.7426597582037997,831,223,33881,41156608,1214,0.06571769714355469,0.13865830399999998,0.9299684166908264,1.0995468171313405,0.004806166,0.00018140605439999997,0.002253459174426098,-0.12504872831050307,462,0.5192464590072632,0.8475622367629362,0.49,0.0,42.152374267578125,0.3810287210982659,298.67,,,
158,0.7216216216216216,765,223,33862,41418752,1223,0.05901050567626953,0.13826508799999998,0.9463090896606445,1.0490059833973646,0.0043964256,0.00018064583679999998,0.0012907671562061296,-0.12488075433066115,466,0.4921976923942566,0.8449295343137255,0.54,0.0,43.711551666259766,0.37008568548387094,329.51,,,
159,0.7088974854932302,702,223,33848,41680896,1231,0.07256412506103516,0.137871872,0.9560790061950684,0.8880970943719149,0.0071560876,0.0001798856192,0.0036742321026395075,-0.12413603294407949,470,0.4206242859363556,0.821258457977208,0.48,0.0,44.0373420715332,0.37941778273809523,343.73,,,
,,,,,41943040,,0.06471920013427734,0.137478656,0.9578976631164551,0.8491205894388258,0.0042879963,0.00017912540159999998,0.002296288274010294,-0.12288938806159422,474,0.39139649271965027,,,,,,,593.53,95.05767822265625,0.0
160,0.6544117647058824,594,223,33688,41943040,1245,,,,,,,,,,,0.8123750526094277,0.44,0.0,43.787109375,0.3708461707746479,363.96,,,
161,0.613277133825079,614,223,33671,42205184,1253,0.050673484802246094,0.13708544,0.9576209783554077,0.8298352914862335,0.004167339,0.00017836518400000001,0.0002337222817914153,-0.12039069685852155,478,0.362665593624115,0.7937512723941368,0.41,0.0,49.81636047363281,0.366500946969697,394.72,,,
162,0.589171974522293,588,223,33652,42467328,1261,0.06267642974853516,0.13669222400000003,0.9531819224357605,0.8801344251260161,0.0049681272,0.0001776049664,0.001937549938702432,-0.11792692408198491,482,0.3835564851760864,0.8033721301020408,0.37,0.0,42.3232307434082,0.3706121575342466,357.84,,,
163,0.6002066115702479,631,223,33638,42729472,1270,0.054920196533203125,0.136299008,0.951242208480835,0.8944876245222986,0.0038035559,0.0001768447488,0.0014000345681779436,-0.11459244310390204,486,0.3870979845523834,0.8030531893819335,0.42,0.0,46.817562103271484,0.3690567484662577,383.52,,,
164,0.5551504102096627,768,223,33687,42991616,1276,0.06125296798406863,0.135905792,0.9498869776725769,0.966924365829019,0.014077911,0.0001760845312,0.005102275494102608,-0.10901892039121366,488,0.5369593501091003,0.8126169840494791,0.41,0.0,37.31172561645508,0.3622304459064328,349.32,,,
165,0.49691629955947136,774,223,33667,43253760,1284,0.07347869873046875,0.135512576,0.9377702474594116,1.1974057899788022,0.010002828,0.0001753243136,0.0032956528821159736,-0.11250995146110654,492,0.5369044542312622,0.8382842781007752,0.37,0.0,39.69157791137695,0.3770514838129496,359.49,,,
166,0.49157303370786515,718,223,33656,43515904,1292,0.06250953674316406,0.13511936,0.947547197341919,1.1144934017211199,0.010934624,0.000174564096,0.0029949012441647938,-0.11236773792188615,496,0.5259596705436707,0.8174344968662952,0.37,0.0,40.61827850341797,0.3709375,372.79,,,
167,0.5574257425742575,634,223,33641,43778048,1301,0.06168651580810547,0.134726144,0.9522355198860168,0.9862085808999836,0.0040504998,0.00017380387839999997,0.0023459533931600163,-0.10946657176828012,500,0.452398419380188,0.8389072358044164,0.52,0.0,43.10536193847656,0.3699281754032258,395.7,,,
,,,,,44040192,,0.05118370056152344,0.134332928,0.9557492136955261,0.8686761762946844,0.003161482,0.00017304366079999998,0.0012202831649119616,-0.10661798348883167,504,0.4438788592815399,,,,,,,600.39,95.19085693359375,0.0
168,0.590042372881356,579,223,33495,44040192,1314,,,,,,,,,,,0.8124460276338514,0.44,0.0,45.61321258544922,0.3798611111111111,407.86,,,
169,0.5909568874868559,561,223,33480,44302336,1323,0.06465721130371094,0.133939712,0.9541212916374207,0.8707837089896202,0.0045165457,0.0001722834432,0.003854366189443681,-0.10461891128215939,508,0.39491644501686096,0.8409230169340464,0.5,0.0,47.10673904418945,0.3775923295454545,404.34,,,
170,0.6459627329192547,591,223,33534,44564480,1328,0.0550927734375,0.13354649600000001,0.9557368159294128,0.8460084164142608,0.0135659445,0.0001715232256,0.004680240005254746,-0.10232395336031913,510,0.4306759238243103,0.8403923434856176,0.55,0.0,49.689823150634766,0.3863125,421.26,,,
171,0.6777442094662638,662,223,33623,44826624,1333,0.077362060546875,0.13315328,0.9502382278442383,0.9992607980966568,0.033086855,0.000170763008,0.01724051882047206,-0.10149914585053921,511,0.5020403861999512,0.8155329493957704,0.45,0.0,47.306556701660156,0.37698779585798814,414.52,,,
172,0.6328767123287671,718,223,33711,45088768,1337,0.061436244419642856,0.132760064,0.9369893074035645,1.1824442999703544,0.013215648,0.00017000279040000002,0.007494832621887326,-0.10747769474983215,512,0.6202616095542908,0.8472427750696379,0.39,0.0,47.4495849609375,0.344385162601626,401.49,,,
173,0.62970498474059,581,223,33694,45350912,1345,0.04757404327392578,0.13236684799999998,0.9373739361763,1.0535466773435473,0.0031277942,0.00016924257279999998,0.001085697801954666,-0.10355459724087268,516,0.4871174693107605,0.8612777000860585,0.62,0.0,50.84568405151367,0.36471619897959184,435.4,,,
174,0.7275607180570222,578,223,33684,45613056,1354,0.0421905517578125,0.131973632,0.9507986903190613,0.8091513332910836,0.002774208,0.0001684823552,0.0005167998624528991,-0.1029033888480626,520,0.38850969076156616,0.8399383650519031,0.58,0.0,55.950347900390625,0.3784887881679389,440.74,,,
175,0.787434554973822,594,223,33669,45875200,1362,0.04991722106933594,0.13158041599999998,0.9503000378608704,0.7615347993560135,0.0065041194,0.00016772213759999998,0.0016771512046034331,-0.10075078211957589,524,0.3617032766342163,0.8355626578282829,0.6,0.0,51.35987854003906,0.37536533273381295,441.2,,,
,,,,,46137344,,0.059073448181152344,0.1311872,0.9469905495643616,0.7997376215644181,0.0037323632,0.00016696191999999999,0.003814099810369953,-0.09699118253774941,528,0.3433981239795685,,,,,,,583.13,93.06807708740234,0.0
176,0.7984665936473165,531,223,33546,46137344,1375,,,,,,,,,,,0.846935322504708,0.66,0.0,53.36417007446289,0.3812897245762712,436.91,,,
177,0.812972972972973,561,215,33532,46399488,1383,0.041983604431152344,0.130793984,0.9522312879562378,0.7274276274256408,0.0027672434,0.0001662017024,0.0004999802331440151,-0.0963986333226785,532,0.30730053782463074,0.8353386809269162,0.63,0.0,54.668418884277344,0.38439223345588236,442.67,,,
178,nan,585,215,33522,46661632,1391,0.0417633056640625,0.130400768,0.9522032737731934,0.7242038850672543,0.0028538737,0.0001654414848,0.0004997546570848499,-0.09578047977993265,536,0.30288198590278625,0.8527577457264958,0.62,0.0,48.022281646728516,0.36930071721311475,398.79,,,
179,0.829698857736241,635,207,33511,46923776,1400,0.05805206298828125,0.130007552,0.9548047184944153,0.7293413835577667,0.0065599647,0.00016468126720000002,0.00355203182061814,-0.09463441488333046,540,0.34213295578956604,0.8514886811023622,0.65,0.0,53.54075241088867,0.38174189814814813,430.33,,,
180,nan,569,207,33498,47185920,1408,0.05247783660888672,0.129614336,0.9601219892501831,0.6983680916018784,0.004575319,0.0001639210496,0.002238535190372204,-0.09529396396828815,544,0.28047627210617065,0.8331365333919156,0.59,0.0,49.51255798339844,0.3680555555555556,418.52,,,
181,0.7436419125127162,664,207,33484,47448064,1417,0.05188751220703125,0.12922112000000002,0.9653118252754211,0.6744921570643783,0.00295586,0.000163160832,0.002232111806733883,-0.09570597624406219,548,0.28810182213783264,0.8470326618975904,0.63,0.0,48.398555755615234,0.3741494455645161,422.52,,,
182,0.6899810964083176,701,207,33470,47710208,1425,0.05210590362548828,0.128827904,0.9687491059303284,0.6813891404308379,0.0033563036,0.0001624006144,0.0018762784484351869,-0.09770485758781433,552,0.3457215428352356,0.822597182596291,0.52,0.0,44.38809585571289,0.3737980769230769,392.96,,,
183,0.609073359073359,670,207,33460,47972352,1433,0.0678253173828125,0.12843468800000002,0.9699172377586365,0.70280392607674,0.0079873875,0.0001616403968,0.0044148386259621475,-0.10154165187850595,556,0.2784700393676758,0.8143190298507462,0.35,0.0,47.96601104736328,0.3835995802238806,435.08,,,
,,,,,48234496,,0.07300218485169492,0.128041472,0.9712573289871216,0.718039543951972,0.02078811,0.0001608801792,0.00993026961903956,-0.10093098942000987,558,0.33962005376815796,,,,,,,592.89,96.34835815429688,0.0
184,0.4969574036511156,605,207,33393,48234496,1444,,,,,,,,,,,0.7928783574380165,0.36,0.0,39.153770446777344,0.38179490546218486,397.29,,,
185,0.396875,594,207,33425,48496640,1450,0.07023056239297945,0.127648256,0.97157222032547,0.6921880604469612,0.021432519,0.00016011996159999997,0.006491328248345893,-0.10119977960847829,561,0.36343100666999817,0.7671835542929293,0.29,0.0,40.37028503417969,0.3677413712686567,400.79,,,
186,0.3641912512716175,593,207,33501,48758784,1455,0.07373046875,0.12725503999999999,0.967441737651825,0.8948474824428558,0.021807559,0.00015935974399999999,0.009423260387848131,-0.1039830120280385,562,0.4242168962955475,0.7888648819561551,0.28,0.0,34.97893142700195,0.37283380681818185,392.13,,,
187,0.3697674418604651,476,207,33488,49020928,1463,0.06203269958496094,0.126861824,0.9713302254676819,0.6147152232006192,0.004578854,0.0001585995264,0.003648434409114998,-0.09687013126676902,566,0.2810532748699188,0.7618582589285714,0.24,0.0,45.72064971923828,0.3731478987068966,440.45,,,
188,0.37347767253044656,360,207,33474,49283072,1472,0.0637369155883789,0.126468608,0.9717625379562378,0.5553116195369512,0.004350721,0.0001578393088,0.003953239393013064,-0.09371309593552724,570,0.24984997510910034,0.7152777777777778,0.26,0.0,52.72270584106445,0.37299845041322316,478.4,,,
189,0.37632978723404253,384,207,33464,49545216,1480,0.04995250701904297,0.126075392,0.9698082804679871,0.5506628316361457,0.003654833,0.00015707909120000002,0.0015532159677604795,-0.08982529281638563,574,0.23143203556537628,0.7209269205729166,0.25,0.0,57.14674377441406,0.3941465435606061,534.38,,,
190,0.3932107496463932,336,207,33452,49807360,1488,0.05784416198730469,0.125682176,0.9672996401786804,0.561670406954363,0.007067153,0.00015631887360000003,0.0043486997583386255,-0.08416995737934485,578,0.2650585174560547,0.6979050409226191,0.3,0.0,57.088802337646484,0.375,532.32,,,
191,0.42715700141442714,354,207,33438,50069504,1497,0.05371284484863281,0.12528896,0.9656834602355957,0.5408642762340605,0.0037973262,0.000155558656,0.003785563147630455,-0.07873999117873609,582,0.26169443130493164,0.6923441913841808,0.25,0.0,65.28079223632812,0.38217474489795916,570.36,,,
,,,,,50331648,,0.047504425048828125,0.124895744,0.9643571972846985,0.5568795171566308,0.004261759,0.0001547984384,0.0031686835827713367,-0.0726546382647939,586,0.26447629928588867,,,,,,,581.79,97.3994140625,0.0
192,0.49295774647887325,341,207,33315,50331648,1510,,,,,,,,,,,0.7213274376832844,0.32,0.0,61.74781799316406,0.38946207061068705,563.33,,,
193,0.5769230769230769,358,207,33305,50593792,1519,0.041248321533203125,0.124502528,0.967975378036499,0.5041542823892087,0.002601179,0.0001540382208,0.001835128214679571,-0.06749144074274227,590,0.25432926416397095,0.7443588512569832,0.4,0.0,60.936668395996094,0.3984675480769231,584.48,,,
194,0.6207332490518331,417,207,33295,50855936,1527,0.039229393005371094,0.124109312,0.9695770144462585,0.49285124707967043,0.0028818678,0.0001532780032,0.0025349293182443944,-0.0622572205029428,594,0.20706099271774292,0.7694375749400479,0.48,0.0,63.589298248291016,0.3959263392857143,621.83,,,
195,0.6696542893725992,391,207,33283,51118080,1535,0.046504974365234375,0.123716096,0.9708247184753418,0.5080038569867611,0.00482211,0.0001525177856,0.006340946751151932,-0.05864127731183544,598,0.2526112496852875,0.7936281170076727,0.51,0.0,62.23130798339844,0.3965553977272727,619.82,,,
196,0.7125307125307125,397,207,33273,51380224,1544,0.03992938995361328,0.12332288,0.9743114709854126,0.4538426792714745,0.0037102578,0.000151757568,0.003718118837241491,-0.05589715571841225,602,0.21291187405586243,0.8363113979848866,0.5,0.0,61.181514739990234,0.39321347891566266,639.63,,,
197,0.7528089887640449,386,207,33262,51642368,1552,0.0323638916015625,0.12292966400000001,0.9764199256896973,0.43699912540614605,0.0021687318,0.00015099735040000002,0.001737174582103762,-0.05483999790158123,606,0.1893565058708191,0.8375667908031088,0.59,0.0,63.67311477661133,0.40133272058823527,678.04,,,
198,0.7576875768757687,390,207,33254,51904512,1560,0.037566184997558594,0.12253644799999999,0.978236734867096,0.4070342527702451,0.0027435026,0.00015023713279999998,0.0028254595731596055,-0.054936671047471464,610,0.17693226039409637,0.843379407051282,0.58,0.0,60.10806655883789,0.3926542207792208,653.08,,,
199,0.7542372881355932,390,207,33243,52166656,1569,0.03577423095703125,0.12214323199999999,0.9786347150802612,0.40372879756614566,0.0050587268,0.0001494769152,0.002222015879851824,-0.054926217708271,614,0.19345200061798096,0.8620693108974359,0.57,0.0,61.58684158325195,0.38916015625,704.33,,,
,,,,,52428800,,0.039775848388671875,0.121750016,0.9779629111289978,0.41594587825238705,0.0030469752,0.0001487166976,0.003917915959846141,-0.0537616852670908,618,0.19281169772148132,,,,,,,572.82,94.48838806152344,0.0
200,0.7560386473429952,392,207,33079,52428800,1584,,,,,,,,,,,0.8673469387755102,0.67,0.0,59.3503532409668,0.3939208984375,700.79,,,
201,0.7643391521197007,369,207,33074,52690944,1593,0.028470993041992188,0.1213568,0.9788244366645813,0.397795426659286,0.0019549544,0.00014795648,0.00034470994523871923,-0.05428386715357192,622,0.17693397402763367,0.8552782012195121,0.67,0.0,58.09028625488281,0.38747667910447764,710.85,,,
202,0.7655259822560203,373,207,33070,52953088,1601,0.03311347961425781,0.12096358400000001,0.9785701036453247,0.389627963071689,0.0033842982,0.00014719626240000002,0.0014879459963594854,-0.05462314694887027,626,0.18499626219272614,0.8273081434316354,0.54,0.0,58.85426712036133,0.37885974702380953,646.88,,,
203,0.7743979721166033,367,207,33061,53215232,1609,0.040007591247558594,0.120570368,0.976382315158844,0.42265767278149724,0.003528073,0.00014643604479999998,0.0038218511094783025,-0.05385846379795112,630,0.19002528488636017,0.8425046832425068,0.65,0.0,67.76055145263672,0.38005809294871795,730.61,,,
204,0.7811704834605598,365,207,33052,53477376,1617,0.030983924865722656,0.120177152,0.9759702682495117,0.4214791194535792,0.0026455123,0.0001456758272,0.0011066111210311647,-0.052869102568365633,634,0.19569088518619537,0.8377996575342466,0.58,0.0,60.267356872558594,0.38721321202531644,683.79,,,
205,0.8057366362451108,338,199,33045,53739520,1626,0.029895782470703125,0.11978393600000001,0.9764495491981506,0.40673391870222986,0.0031023195,0.0001449156096,0.0010793347828439437,-0.052130654716165736,638,0.1592518389225006,0.8487194896449705,0.56,0.0,68.30814361572266,0.3944212147887324,703.03,,,
206,nan,351,199,33039,54001664,1634,0.0309295654296875,0.11939072,0.9780100584030151,0.3786901228595525,0.00246505,0.000144155392,0.0014032115423106006,-0.052138726226985455,642,0.19238553941249847,0.8245637464387464,0.59,0.0,66.0256576538086,0.392578125,675.51,,,
207,0.7590987868284229,393,199,33033,54263808,1642,0.036121368408203125,0.11899750399999999,0.9768206477165222,0.4092126253526658,0.004095769,0.0001433951744,0.0027406668823459768,-0.05159869871567935,646,0.17661546170711517,0.8340589217557252,0.61,0.0,64.1649398803711,0.39118975903614456,676.21,,,
,,,,,54525952,,0.03179740905761719,0.118604288,0.9766544699668884,0.4260470694862306,0.007764616,0.0001426349568,0.001728137985082867,-0.05169540605857037,650,0.21071654558181763,,,,,,,563.27,94.87796783447266,0.0
208,0.7555012224938875,395,199,32941,54525952,1655,,,,,,,,,,,0.8417227056962026,0.59,0.0,57.18465805053711,0.38382711038961037,656.47,,,
209,0.7259953161592506,415,199,32940,54788096,1663,0.04166603088378906,0.118211072,0.976818859577179,0.4137024760711938,0.0053998185,0.00014187473920000002,0.0043923580888076685,-0.05201406974811107,654,0.18449097871780396,0.8593279367469879,0.58,0.0,57.355010986328125,0.39357069672131145,656.11,,,
210,0.6884057971014492,412,199,32933,55050240,1671,0.038231849670410156,0.117817856,0.9796635508537292,0.4048994097393006,0.0046733217,0.0001411145216,0.004021703888611228,-0.054776352539192885,658,0.17230521142482758,0.8203219811893204,0.43,0.0,48.645050048828125,0.3820684523809524,566.07,,,
211,0.6798603026775321,424,199,32926,55312384,1679,0.03696155548095703,0.11742464000000001,0.9774967432022095,0.4570298702456057,0.0043395483,0.000140354304,0.0024697492435734603,-0.05689078406430781,662,0.21077676117420197,0.8500608048349056,0.56,0.0,49.363548278808594,0.38455528846153847,627.57,,,
212,0.6548974943052391,454,199,32917,55574528,1688,0.03387641906738281,0.117031424,0.9807738065719604,0.4167333429213613,0.0025254157,0.0001395940864,0.000916924727789592,-0.05785058462060988,666,0.19187548756599426,0.836789303414097,0.47,0.0,52.9014892578125,0.39340049342105265,619.64,,,
213,0.6466739367502726,488,199,32910,55836672,1696,0.04829597473144531,0.116638208,0.981248676776886,0.4270042721182108,0.0049796477,0.0001388338688,0.006523534079860838,-0.058837687625782564,670,0.17981968820095062,0.8468878073770492,0.47,0.0,53.92037582397461,0.3963468309859155,610.75,,,
214,0.6038374717832957,446,199,32906,56098816,1704,0.04241752624511719,0.116244992,0.9823387265205383,0.38655974506400526,0.0036192564,0.00013807365120000002,0.0030488417901324283,-0.06032211275305599,674,0.15488843619823456,0.8351229680493274,0.52,0.0,53.0063591003418,0.3802734375,644.77,,,
215,0.5629213483146067,461,199,32895,56360960,1713,0.042194366455078125,0.115851776,0.9813773036003113,0.4084484404884279,0.003074823,0.00013731343360000003,0.002873540782275086,-0.0627518105902709,678,0.17386271059513092,0.8235069821041214,0.47,0.0,50.65654754638672,0.3851232394366197,604.58,,,
,,,,,56623104,,0.05157279968261719,0.11545855999999999,0.9808880686759949,0.4142419472336769,0.012084822,0.00013655321599999998,0.005347082651042001,-0.06396472404594533,682,0.179037943482399,,,,,,,585.55,97.50567626953125,0.0
216,0.5306781485468245,496,199,32796,56623104,1726,,,,,,,,,,,0.8225018901209677,0.35,0.0,45.998191833496094,0.37575792910447764,582.91,,,
217,0.4582857142857143,447,199,32789,56885248,1734,0.0490570068359375,0.115065344,0.9806016683578491,0.40309960790909827,0.003999846,0.0001357929984,0.0033064323224607506,-0.06700581198674627,686,0.18303295969963074,0.7926017197986577,0.28,0.0,42.277015686035156,0.3666449652777778,524.08,,,
218,0.3866213151927438,462,199,32781,57147392,1743,0.05074596405029297,0.114672128,0.9783808588981628,0.44684766279533505,0.0043600486,0.0001350327808,0.0034454402075425605,-0.0704471574863419,690,0.2086251974105835,0.7833722267316018,0.19,0.0,40.059364318847656,0.39287109375,531.73,,,
219,0.33681765389082463,458,199,32772,57409536,1751,0.045032501220703125,0.114278912,0.9780623912811279,0.44376883865334094,0.0041943467,0.00013427256320000001,0.0022985989453445654,-0.07135466963518411,694,0.1848374307155609,0.7619575600436681,0.13,0.0,40.461021423339844,0.3905847293814433,510.06,,,
220,0.2908458864426419,439,199,32767,57671680,1760,0.04626941680908203,0.113885696,0.9748644232749939,0.48988513951189816,0.004220742,0.0001335123456,0.0021319196871445456,-0.07311179488897324,698,0.20985284447669983,0.7687927107061503,0.22,0.0,36.01980209350586,0.38738692434210525,521.27,,,
221,0.23127035830618892,511,199,32762,57933824,1768,0.05320453643798828,0.11349247999999999,0.9764795303344727,0.477090414846316,0.0047907494,0.00013275212799999998,0.004166232000898162,-0.0740808995324187,702,0.1846286803483963,0.7653268713307241,0.16,0.0,34.71370315551758,0.4001736111111111,507.35,,,
222,0.23529411764705882,509,199,32757,58195968,1776,0.04249095916748047,0.11309926399999999,0.9755241274833679,0.5298544079996645,0.0026133186,0.0001319919104,0.0018046288068944705,-0.07457032549427822,706,0.23949971795082092,0.7676126596267191,0.22,0.0,34.752262115478516,0.3856885302197802,518.81,,,
223,0.24483133841131666,507,199,32751,58458112,1784,0.043529510498046875,0.112706048,0.9729461669921875,0.5696375449188054,0.003121011,0.0001312316928,0.001592904474819079,-0.07564586633816361,710,0.26524245738983154,0.7724436020710059,0.21,0.0,36.555782318115234,0.3785067471590909,535.31,,,
,,,,,58720256,,0.04307079315185547,0.112312832,0.9722738862037659,0.5999614072497934,0.00261481,0.00013047147520000001,0.0012028585351799848,-0.07801140571245924,714,0.2546606957912445,,,,,,,568.06,97.12316131591797,0.0
224,0.23949579831932774,535,199,32658,58720256,1797,,,,,,,,,,,0.7723714953271028,0.21,0.0,33.906028747558594,0.37702371987951805,485.04,,,
225,0.21263791374122368,599,199,32653,58982400,1806,0.04152870178222656,0.11191961599999999,0.9730348587036133,0.6027334409300238,0.0021191044,0.0001297112576,0.0007362945111708541,-0.0821263380930759,718,0.2788686752319336,0.75982757721202,0.14,0.0,39.607879638671875,0.3838082107843137,503.21,,,
226,0.22001982160555006,603,199,32647,59244544,1814,0.03977012634277344,0.1115264,0.972656786441803,0.6331561463885009,0.0019397317,0.00012895104,0.00038990513121461845,-0.08415272302227095,722,0.2611750364303589,0.7769680244610282,0.25,0.0,39.632450103759766,0.390375664893617,558.65,,,
227,0.22580645161290322,621,199,32644,59506688,1822,0.053313255310058594,0.111133184,0.9747916460037231,0.6098249575588852,0.0047299573,0.00012819082240000002,0.002749855771071452,-0.08557390939677134,726,0.2811489701271057,0.7651280696457327,0.19,0.0,37.98244857788086,0.37643494897959184,498.65,,,
228,0.2174757281553398,621,199,32638,59768832,1831,0.05553722381591797,0.11073996800000001,0.9739901423454285,0.6308583717327565,0.004243443,0.0001274306048,0.0026707338051892293,-0.08779666083864868,730,0.30440956354141235,0.777205364331723,0.21,0.0,35.269317626953125,0.39234203296703296,521.77,,,
229,0.20579710144927535,638,199,32633,60030976,1839,0.05163002014160156,0.11034675199999999,0.9761243462562561,0.5916875989641994,0.00412391,0.0001266703872,0.002002235611598735,-0.09074646211229265,734,0.26825976371765137,0.7591656054075235,0.06,0.0,31.116567611694336,0.3786028519417476,414.5,,,
230,0.16489874638379942,648,199,32629,60293120,1847,0.04557609558105469,0.10995353599999999,0.9739494323730469,0.6605142671614885,0.0016070323,0.0001259101696,0.000909716605747235,-0.09316278883488849,738,0.3161706328392029,0.7491620852623457,0.1,0.0,27.960222244262695,0.3692286036036036,410.83,,,
231,0.14727085478887744,568,199,32625,60555264,1856,0.05446815490722656,0.10956032,0.9740405678749084,0.6420998082030565,0.0033006235,0.000125149952,0.0018623062887854758,-0.09473344817524776,742,0.26594170928001404,0.7504126320422535,0.17,0.0,33.38478088378906,0.38571198453608246,496.29,,,
,,,,,60817408,,0.04824542999267578,0.109167104,0.9763465523719788,0.595145819708705,0.0023451285,0.00012438973440000002,0.0010916247142631619,-0.09436531033134088,746,0.30095359683036804,,,,,,,582.02,99.30919647216797,0.0
232,0.12729124236252545,579,199,32539,60817408,1869,,,,,,,,,,,0.7439955742659758,0.09,0.0,34.06200408935547,0.38039626288659795,439.07,,,
233,0.12008072653884964,586,199,32535,61079552,1877,0.05400371551513672,0.108773888,0.9771023988723755,0.5716868271119893,0.002875708,0.00012362951680000003,0.001972024464066635,-0.09502963139675558,750,0.23066489398479462,0.7508732401877133,0.06,0.0,26.12195587158203,0.38170230263157895,379.09,,,
234,0.13272543059777103,625,199,32529,61341696,1885,0.05522727966308594,0.108380672,0.976507306098938,0.5665142890065908,0.0026408546,0.00012286929919999999,0.001880481435364345,-0.09632756392238662,754,0.24515269696712494,0.72795625,0.1,0.0,35.1104621887207,0.3830389492753623,440.61,,,
235,0.13326551373346898,605,199,32525,61603840,1894,0.03848075866699219,0.107987456,0.9716117978096008,0.7283318382687867,0.0014172565,0.0001221090816,0.0001859991398305283,-0.09639593091560528,758,0.3208744525909424,0.7317407024793389,0.1,0.0,36.506797790527344,0.37970671106557374,444.28,,,
236,0.11686991869918699,615,199,32526,61865984,1901,0.05978679656982422,0.10759424,0.9734233617782593,0.6054545030929148,0.003647894,0.00012134886400000001,0.0023699036428297404,-0.09632504393812269,762,0.2508039176464081,0.7280741869918699,0.06,0.0,42.0933723449707,0.39548544847328243,447.71,,,
237,0.10770750988142293,629,199,32521,62128128,1910,0.05408477783203125,0.107201024,0.9731535315513611,0.6158070454839617,0.0035582508,0.00012058864640000002,0.0013366760595090454,-0.09599654393969104,766,0.2711160480976105,0.7373807631160573,0.08,0.0,30.884136199951172,0.38117654914529914,416.93,,,
238,0.10784313725490197,650,199,32513,62390272,1918,0.053551673889160156,0.10680780799999999,0.9720704555511475,0.6675724009983242,0.002502297,0.0001198284288,0.0015893636345936102,-0.09819419105770066,770,0.32994699478149414,0.7335396634615384,0.05,0.0,38.68185806274414,0.39408052884615385,439.22,,,
239,0.09826589595375723,680,199,32508,62652416,1927,0.04267311096191406,0.10641459199999999,0.9745035767555237,0.6640249616466463,0.0014456512,0.00011906821120000001,0.0007821510685062094,-0.09830844367388636,774,0.32131120562553406,0.7256031709558823,0.08,0.0,36.328880310058594,0.3929907570422535,402.2,,,
,,,,,62914560,,0.059111595153808594,0.106021376,0.9750136733055115,0.6299989295657724,0.0033761503,0.0001183079936,0.0021794999156554695,-0.09944663196802139,778,0.29602184891700745,,,,,,,604.24,103.42697143554688,0.0
240,0.08978032473734479,667,199,32422,62914560,1940,,,,,,,,,,,0.7403368628185907,0.06,0.0,35.474273681640625,0.40234375,416.79,,,
241,0.09437559580552908,671,199,32424,63176704,1948,0.058513641357421875,0.10562816,0.9768256545066833,0.5922020103316754,0.0036284323,0.00011754777600000001,0.0021509312882699305,-0.09960772260092199,782,0.25137627124786377,0.7391137295081968,0.08,0.0,30.726280212402344,0.38377305327868855,414.78,,,
242,0.1010194624652456,702,199,32418,63438848,1956,0.048007965087890625,0.10523494400000001,0.9760655164718628,0.6632919940166175,0.0017653874,0.00011678755840000002,0.0012270427696421393,-0.1023589419783093,786,0.28283926844596863,0.7400896990740741,0.07,0.0,35.280128479003906,0.3908790650406504,420.94,,,
243,0.08579599618684461,655,199,32417,63700992,1965,0.05287647247314453,0.104841728,0.9757406115531921,0.6618918324820697,0.00182187,0.0001160273408,0.001818915187868697,-0.10430555266793817,790,0.3258114755153656,0.7454973759541985,0.05,0.0,29.523611068725586,0.3908092570754717,377.43,,,
244,0.0743879472693032,673,199,32415,63963136,1973,0.05229949951171875,0.104448512,0.9773364067077637,0.6285456055775285,0.0029932593,0.00011526712320000001,0.0015114691541384673,-0.10599083517445251,794,0.2702377438545227,0.7392099275631501,0.05,0.0,31.779504776000977,0.38759853603603606,391.55,,,
245,0.066543438077634,715,199,32410,64225280,1981,0.06450557708740234,0.104055296,0.9766674637794495,0.6109564357902855,0.004651513,0.00011450690560000002,0.002380387688845076,-0.10721001372439787,798,0.24995602667331696,0.7337248688811189,0.07,0.0,38.90627670288086,0.39614661654135336,444.79,,,
246,0.06744604316546762,741,199,32402,64487424,1990,0.05801200866699219,0.10366208,0.9749707579612732,0.6436141384765506,0.0030715615,0.00011374668800000001,0.0016197410509448673,-0.10877269768388942,802,0.2489027976989746,0.7351341093117408,0.05,0.0,33.37913513183594,0.38947432170542634,421.93,,,
247,0.07136322049405307,723,199,32398,64749568,1998,0.05621623992919922,0.10326886399999999,0.9755628108978271,0.6583520220592618,0.0017365485,0.00011298647039999999,0.0012199955790492822,-0.10980858153197914,806,0.3205898702144623,0.7285939661134163,0.01,0.0,28.363601684570312,0.38713942307692306,347.45,,,
,,,,,65011712,,0.061514854431152344,0.102875648,0.9763315320014954,0.6289679924957454,0.0028822655,0.0001122262528,0.0016994061520563264,-0.11309873167192563,810,0.2680293619632721,,,,,,,575.2,99.31602478027344,0.0
248,0.05457746478873239,749,199,32327,65011712,2011,,,,,,,,,,,0.7408263100801068,0.06,0.0,25.851903915405273,0.38658047566371684,359.14,,,
249,0.04501323918799647,791,199,32322,65273856,2019,0.05895042419433594,0.102482432,0.9751201272010803,0.6641375357285142,0.004727843,0.00011146603520000001,0.0015688846956436464,-0.11388706968864426,814,0.30052539706230164,0.7194907553729456,0.05,0.0,36.10314178466797,0.3935423259493671,387.93,,,
250,0.04137323943661972,794,199,32321,65536000,2027,0.057717323303222656,0.102089216,0.973791778087616,0.7068924224004149,0.0021685702,0.00011070581760000002,0.0010030874482254148,-0.11457882123067975,818,0.29070451855659485,0.7194633579974811,0.07,0.0,29.28192901611328,0.3971518987341772,369.13,,,
251,0.051075268817204304,769,199,32315,65798144,2036,0.06472206115722656,0.101696,0.9750581979751587,0.687393540982157,0.0027346984,0.00010994559999999998,0.0018987937264682841,-0.11644796741893515,822,0.3139972686767578,0.721813028283485,0.04,0.0,26.66364288330078,0.39616523692810457,317.41,,,
252,0.037587412587412584,772,199,32311,66060288,2044,0.06519508361816406,0.10130278399999999,0.9755558967590332,0.6631223009899259,0.0042029163,0.00010918538239999999,0.0019873477604051004,-0.11659373680595309,826,0.29180708527565,0.7325534326424871,0.04,0.0,23.101091384887695,0.40325927734375,339.93,,,
253,0.031007751937984496,784,199,32307,66322432,2052,0.06321907043457031,0.10090956799999999,0.9771643877029419,0.6386956484057009,0.003069872,0.0001084251648,0.0019008240101356932,-0.11759790306678042,830,0.2909642457962036,0.7336475605867347,0.02,0.0,23.780790328979492,0.3835746951219512,320.24,,,
254,0.04745762711864407,827,199,32301,66584576,2061,0.0636129379272461,0.100516352,0.9759156107902527,0.6708494015038013,0.0040901843,0.00010766494720000001,0.0017120695501944283,-0.11915647186106071,834,0.29617923498153687,0.7282345828295043,0.07,0.0,25.509397506713867,0.3914753401360544,341.65,,,
255,0.03671328671328671,786,199,32299,66846720,2069,0.06231498718261719,0.100123136,0.9759577512741089,0.6697410894557834,0.003280227,0.00010690472960000002,0.0013985759251227137,-0.11972729553235695,838,0.2961185872554779,0.7201465092239185,0.01,0.0,19.963764190673828,0.390625,287.26,,,
,,,,,67108864,,0.06413841247558594,0.09972991999999999,0.9753270745277405,0.6795062767341733,0.0026154346,0.000106144512,0.0017468299247411778,-0.1186799107817933,842,0.2846683859825134,,,,,,,575.33,99.94586944580078,0.0
256,0.02859618717504333,810,199,32220,67108864,2082,,,,,,,,,,,0.7188464506172839,0.03,0.0,32.65260314941406,0.3920272435897436,348.46,,,
257,0.032534246575342464,807,199,32214,67371008,2091,0.05417346954345703,0.099336704,0.9752888679504395,0.6785504836589098,0.0024527013,0.00010538429440000002,0.0004585756241795025,-0.11840888892766088,846,0.28105416893959045,0.7278742642503098,0.04,0.0,25.0899600982666,0.39323853417266186,321.08,,,
258,0.036564625850340135,822,199,32208,67633152,2099,0.052596092224121094,0.098943488,0.9747500419616699,0.7249482017941773,0.0012316523,0.0001046240768,0.0006155868572932377,-0.1196293105604127,850,0.34743374586105347,0.7266385340632603,0.05,0.0,27.228654861450195,0.3953606592465753,352.39,,,
259,0.031604538087520256,882,199,32205,67895296,2108,0.05471038818359375,0.09855027200000001,0.9756828546524048,0.7037460720166564,0.003090782,0.00010386385920000001,0.0009856738333837711,-0.12177076208172366,854,0.31235480308532715,0.7295741213151927,0.04,0.0,27.12688636779785,0.3898067989864865,324.15,,,
260,0.03504482477587612,896,199,32199,68157440,2116,0.05513477325439453,0.09815705599999999,0.9746981859207153,0.7695789565332234,0.001699701,0.0001031036416,0.0009416053035238292,-0.12535177113022655,858,0.3462957441806793,0.7215009416852679,0.02,0.0,31.680194854736328,0.39476238905325445,360.84,,,
261,0.0234009360374415,914,199,32192,68419584,2125,0.06087303161621094,0.09776383999999999,0.9741248488426208,0.7747204168699682,0.002140056,0.000102343424,0.001229633945513342,-0.1276035092305392,862,0.35940608382225037,0.7381487623085339,0.0,0.0,21.729238510131836,0.4073745265151515,281.79,,,
262,0.015810276679841896,894,199,32189,68681728,2133,0.06639289855957031,0.097370624,0.9784823656082153,0.6370276887901127,0.0028985066,0.00010158320640000002,0.0013988943396725517,-0.1317501792218536,866,0.29241886734962463,0.7327757969798657,0.01,0.0,22.407991409301758,0.38487160852713176,303.04,,,
263,0.014469453376205787,890,199,32183,68943872,2142,0.06656455993652344,0.096977408,0.9795991778373718,0.6362286703661084,0.003213546,0.00010082298880000003,0.0012587864093802636,-0.13381326477974653,870,0.2808355391025543,0.7279757724719101,0.02,0.0,21.778366088867188,0.4033336900684932,292.67,,,
,,,,,69206016,,0.06216621398925781,0.096584192,0.9799683094024658,0.6411652872338891,0.0024488245,0.00010006277120000004,0.0006908436307639931,-0.13658539799507707,874,0.24907046556472778,,,,,,,571.35,99.42986297607422,0.0
264,0.011608623548922056,853,199,32117,69206016,2154,,,,,,,,,,,0.7230546600234466,0.0,0.0,26.77361297607422,0.4017857142857143,297.42,,,
265,0.01043338683788122,905,199,32113,69468160,2163,0.07026195526123047,0.09619097599999998,0.9804710149765015,0.6283466387540102,0.0030460847,9.93025536e-05,0.0016393145674555853,-0.13743846456054598,878,0.2822905480861664,0.7213311464088398,0.02,0.0,20.97386932373047,0.3903301886792453,287.16,,,
266,0.010301109350237718,925,199,32109,69730304,2171,0.056784629821777344,0.09579776,0.9785917401313782,0.7088019130751491,0.0013797046,9.8542336e-05,0.00022320248262985842,-0.13826579810120165,882,0.31611382961273193,0.7188260135135135,0.01,0.0,23.47330093383789,0.3963046395705521,287.73,,,
267,0.005430566330488751,940,199,32106,69992448,2180,0.0658254623413086,0.095404544,0.9775765538215637,0.7134619988501072,0.002449364,9.778211840000002e-05,0.0010258951438117947,-0.14092998974956572,886,0.32875585556030273,0.7240857712765958,0.0,0.0,25.61498260498047,0.3937551738410596,276.05,,,
268,0.008507347254447023,953,199,32102,70254592,2188,0.07091331481933594,0.095011328,0.9786777496337891,0.6891133938916028,0.0029419654,9.702190080000003e-05,0.0011086973586316162,-0.14655974379274994,890,0.27130797505378723,0.7211970422350472,0.0,0.0,29.251432418823242,0.38916015625,309.61,,,
269,0.00933125972006221,963,199,32100,70516736,2196,0.0725555419921875,0.09461811199999999,0.9766582250595093,0.756657911464572,0.0038633314,9.626168320000001e-05,0.0014845430587229203,-0.1475068748695776,894,0.3119204342365265,0.7152372144340602,0.0,0.0,20.224327087402344,0.3937588276836158,256.7,,,
270,0.0030511060259344014,1004,199,32099,70778880,2204,0.07378101348876953,0.09422489599999999,0.9773263931274414,0.7347490987740457,0.0024742212,9.55014656e-05,0.0012901158597742324,-0.14901014394126832,898,0.3322311043739319,0.7098053100099602,0.0,0.0,22.056241989135742,0.39598850388601037,254.77,,,
271,0.0037821482602118004,1013,199,32096,71041024,2213,0.05703449249267578,0.09383168,0.9760018587112427,0.8395003885962069,0.0013948932,9.4741248e-05,0.0006266030368351494,-0.1508476132294163,902,0.3831678628921509,0.7119478035538006,0.0,0.0,23.606779098510742,0.39774214659685864,254.25,,,
,,,,,71303168,,0.07455730438232422,0.093438464,0.9760022163391113,0.7906392798759043,0.0029416028,9.398103040000002e-05,0.0017135272569248627,-0.152031758450903,906,0.36774304509162903,,,,,,,584.95,102.2062759399414,0.0
272,0.0022488755622188904,1021,199,32028,71303168,2226,,,,,,,,,,,0.7118251101860921,0.0,0.0,27.260099411010742,0.39008188502673796,270.95,,,
273,0.0029895366218236174,1029,199,32024,71565312,2234,0.06040191650390625,0.093045248,0.9750885367393494,0.8547590584494174,0.0015183336,9.322081280000003e-05,0.00031939203563524643,-0.15387722884770483,910,0.3902284502983093,0.711989036686103,0.01,0.0,27.786270141601562,0.3884366819371728,274.77,,,
274,0.0029784065524944155,1038,199,32022,71827456,2243,0.0633249282836914,0.092652032,0.9759491086006165,0.8357784668914974,0.0017266457,9.246059520000001e-05,0.0005105525683575252,-0.15522173524368554,914,0.38930386304855347,0.7083145171001927,0.01,0.0,22.391191482543945,0.3857171474358974,249.84,,,
275,0.0029651593773165306,1027,199,32017,72089600,2251,0.08199691772460938,0.092258816,0.9766128659248352,0.7931020469404757,0.003104309,9.170037760000002e-05,0.001560331482323818,-0.1554861880140379,918,0.35449308156967163,0.7177953079357352,0.01,0.0,28.408275604248047,0.4007636938202247,272.76,,,
276,0.0021770682148040637,1033,199,32012,72351744,2260,0.073211669921875,0.09186559999999999,0.9786704182624817,0.7491994029842317,0.0041041956,9.094016e-05,0.0014872912506689318,-0.15902628295589238,922,0.3297680616378784,0.7252692400774443,0.0,0.0,18.352031707763672,0.40080645161290324,218.99,,,
277,0.0014652014652014652,1042,199,32008,72613888,2268,0.07463836669921875,0.091472384,0.980120062828064,0.6781862257048488,0.0024801814,9.017994240000002e-05,0.000998550140138832,-0.15847672137897462,926,0.29369521141052246,0.7171904990403071,0.0,0.0,19.370746612548828,0.3946636652542373,230.26,,,
278,0.0,1064,199,32006,72876032,2276,0.0720968246459961,0.09107916799999999,0.9780198931694031,0.7550004213117063,0.0021959278,8.94197248e-05,0.0006903898784003104,-0.16115944797638804,930,0.3023366332054138,0.7081473214285714,0.0,0.0,24.405776977539062,0.3908203125,235.26,,,
279,0.0007621951219512195,1002,199,32005,73138176,2285,0.07606124877929688,0.09068595199999999,0.9761324524879456,0.821223356295377,0.0022640033,8.865950720000001e-05,0.00104556865971972,-0.16167714714538306,934,0.32502928376197815,0.7080604416167665,0.0,0.0,34.813724517822266,0.38791118421052634,297.33,,,
,,,,,73400320,,0.0704183578491211,0.090292736,0.9760150909423828,0.8212237884290516,0.0025024663,8.789928960000002e-05,0.0004367828028080112,-0.16516371932812035,938,0.39015960693359375,,,,,,,580.86,101.05033874511719,0.0
280,0.0,1048,199,31940,73400320,2297,,,,,,,,,,,0.7066361521946565,0.0,0.0,22.390832901000977,0.40200570913461536,220.2,,,
281,0.0007457121551081282,1034,199,31937,73662464,2306,0.06732654571533203,0.08989952,0.9768365621566772,0.8141505136154592,0.0016427716,8.713907200000003e-05,0.0005045854632044211,-0.16462798498105258,942,0.35791105031967163,0.7104879412475822,0.0,0.0,23.260786056518555,0.3973243199481865,230.25,,,
282,0.0007541478129713424,1032,199,31933,73924608,2314,0.06269645690917969,0.08950630399999998,0.9769642949104309,0.830586267169565,0.0023210808,8.637885439999999e-05,0.0005172486862647929,-0.16459939535707235,946,0.3471565246582031,0.7047791000484496,0.0,0.0,20.783645629882812,0.39546040655339804,217.39,,,
283,0.0007518796992481203,1037,199,31929,74186752,2323,0.06630897521972656,0.089113088,0.9768685102462769,0.8106634793803096,0.0019734285,8.56186368e-05,0.00045883004440838704,-0.16635295003652573,950,0.35051122307777405,0.7050423396817743,0.01,0.0,21.166109085083008,0.40226826690821255,224.92,,,
284,0.0007158196134574087,1109,199,31924,74448896,2332,0.07298660278320312,0.08871987199999999,0.9783324003219604,0.7663967865519226,0.0022485936,8.485841920000001e-05,0.0007830202894183458,-0.16877593204844743,954,0.36013028025627136,0.7071721426961226,0.0,0.0,34.14481735229492,0.3916015625,276.25,,,
285,0.0007057163020465773,1114,199,31922,74711040,2340,0.0775594711303711,0.088326656,0.9764900207519531,0.8393919356167316,0.0025499836,8.409820160000002e-05,0.0010494316552467353,-0.16901336412411183,958,0.4147530496120453,0.7141319288599641,0.0,0.0,23.1159725189209,0.4068250317258883,245.05,,,
286,0.0,1122,199,31918,74973184,2348,0.06493377685546875,0.08793344,0.9787195324897766,0.7716700243763626,0.0015269353,8.333798400000003e-05,0.00010643269251886522,-0.17034701851662248,962,0.31338581442832947,0.6998663101604278,0.0,0.0,26.687833786010742,0.39412888948497854,243.21,,,
287,0.0,1208,199,31915,75235328,2357,0.07771968841552734,0.08754022399999999,0.9765375852584839,0.849276227876544,0.0024294856,8.257776640000001e-05,0.0008784723390817817,-0.17374963220208883,966,0.3872470557689667,0.7105332936672185,0.0,0.0,24.266376495361328,0.39171511627906974,234.66,,,
,,,,,75497472,,0.0813760757446289,0.087147008,0.9775592088699341,0.8144282852299511,0.0018669316,8.18175488e-05,0.0012368770794637385,-0.1760966129368171,970,0.3907167315483093,,,,,,,554.3,98.13689422607422,0.0
288,0.0,1138,199,31846,75497472,2370,,,,,,,,,,,0.7132270155975395,0.0,0.0,15.550357818603516,0.3900868941326531,180.66,,,
289,0.0,1097,199,31843,75759616,2379,0.07850170135498047,0.086753792,0.9777677655220032,0.8070949539542198,0.0022632913,8.105733120000001e-05,0.0008485844246024499,-0.17490893974900246,974,0.3069760799407959,0.7095131608933455,0.0,0.0,23.799360275268555,0.39519864949748745,221.68,,,
290,0.0,1123,199,31837,76021760,2387,0.06501579284667969,0.086360576,0.9781197309494019,0.7980833789333701,0.0015362158,8.029711360000002e-05,0.00014335202376969391,-0.1758277827175334,978,0.3472583293914795,0.7094209149599288,0.0,0.0,23.71369171142578,0.3973858173076923,227.34,,,
291,0.0,1134,199,31834,76283904,2396,0.07471179962158203,0.08596735999999999,0.977672815322876,0.8262654514983296,0.0019690467,7.9536896e-05,0.0005655233771904022,-0.1785492330091074,982,0.3648322820663452,0.7115988756613757,0.0,0.0,23.84198760986328,0.3981197667464115,229.05,,,
292,0.0006662225183211193,1204,199,31830,76546048,2404,0.07518959045410156,0.08557414399999999,0.9788044691085815,0.7809526799246669,0.0024332362,7.877667840000001e-05,0.000781866686338617,-0.1801409834297374,986,0.3511292338371277,0.7155477834302325,0.0,0.0,21.775968551635742,0.3973983990147783,215.06,,,
293,0.0007117437722419929,1117,199,31828,76808192,2413,0.07511043548583984,0.08518092799999999,0.9782483577728271,0.8085178015753627,0.0023364532,7.801646080000002e-05,0.0005996886466164142,-0.18121359928045422,990,0.37495023012161255,0.7083041909131602,0.0,0.0,22.901308059692383,0.3995061910377358,219.72,,,
294,0.0,1264,199,31824,77070336,2421,0.07418155670166016,0.084787712,0.9775832891464233,0.8103174143470824,0.0022655344,7.725624320000001e-05,0.0004107958479835361,-0.18482021684758365,994,0.3347195088863373,0.7107798902294303,0.0,0.0,25.820327758789062,0.39108248873873874,220.72,,,
295,0.0,1166,199,31821,77332480,2430,0.06874275207519531,0.084394496,0.9761044979095459,0.9091169466264546,0.0019012282,7.649602560000002e-05,0.000333759632667352,-0.1862501399591565,998,0.3927842378616333,0.7030881485849056,0.0,0.0,24.898344039916992,0.3972178270042194,222.69,,,
,,,,,77594624,,0.07597541809082031,0.08400127999999998,0.9761872887611389,0.8852420374751091,0.0018483303,7.5735808e-05,0.000558626183646993,-0.18850984296295792,1002,0.39684605598449707,,,,,,,585.17,102.45601654052734,0.0
296,0.0,1174,199,31757,77594624,2443,,,,,,,,,,,0.7124580760221465,0.0,0.0,24.901578903198242,0.39180248205741625,229.45,,,
297,0.0,1188,199,31753,77856768,2451,0.07300853729248047,0.083608064,0.9779317378997803,0.8219232866540551,0.0014885007,7.497559040000001e-05,0.0003650820885923167,-0.18912584229838103,1006,0.33907628059387207,0.7082018097643098,0.0,0.0,20.637609481811523,0.39834991591928254,203.42,,,
298,0.0,1211,199,31747,78118912,2460,0.07380867004394531,0.083214848,0.9772884845733643,0.850455435924232,0.0017014709,7.421537280000002e-05,0.0003579878980417561,-0.19118212268222123,1010,0.36888542771339417,0.7098569106110653,0.0,0.0,25.720956802368164,0.39281106651376146,220.08,,,
299,0.0,1205,199,31743,78381056,2469,0.07144546508789062,0.082821632,0.977114737033844,0.8463045647367835,0.0015666352,7.345515520000004e-05,9.139310168393422e-05,-0.1927516529103741,1014,0.37571316957473755,0.7052645228215768,0.0,0.0,24.102252960205078,0.3969324945887446,218.78,,,
300,0.0,1148,199,31743,78643200,2477,0.07094383239746094,0.08242841599999999,0.9762404561042786,0.8886279105208814,0.0013909396,7.269493759999999e-05,0.00012136276563978754,-0.1933455386897549,1018,0.37038084864616394,0.7046970274390244,0.0,0.0,27.233009338378906,0.3973361784140969,228.04,,,
301,0.0,1171,199,31739,78905344,2486,0.0702371597290039,0.08203519999999999,0.9754176139831543,0.9016783977858722,0.0013082565,7.193472e-05,6.714264418405946e-05,-0.19373809883836657,1022,0.4140658378601074,0.7109808657130657,0.0,0.0,25.130762100219727,0.39814544392523366,220.26,,,
302,0.0,1206,199,31737,79167488,2494,0.07324981689453125,0.081641984,0.9775943756103516,0.8279445352964103,0.001647409,7.117450240000001e-05,0.0003472388198133558,-0.19532315037213266,1026,0.39909109473228455,0.7084823279436152,0.0,0.0,25.63055992126465,0.38659446022727273,210.47,,,
303,0.0,1243,199,31733,79429632,2503,0.06513404846191406,0.081248768,0.9748895764350891,0.9384452127851546,0.0015219981,7.041428480000002e-05,-1.9893293938366696e-05,-0.1997601066250354,1030,0.4041175842285156,0.7023802041432019,0.0,0.0,28.61777114868164,0.40346414728682173,233.28,,,
,,,,,79691776,,0.07526111602783203,0.080855552,0.9745315909385681,0.9409691537730396,0.0018483101,6.965406720000003e-05,0.00037646912915079156,-0.19959308591205627,1034,0.38522398471832275,,,,,,,570.2,99.82097625732422,0.0
304,0.0,1240,199,31680,79691776,2515,,,,,,,,,,,0.7003717237903225,0.0,0.0,24.552295684814453,0.3974987887596899,198.75,,,
305,0.0,1255,199,31677,79953920,2523,0.07130622863769531,0.080462336,0.974609375,0.950126294977963,0.0016197021,6.889384960000002e-05,0.00017779614972823765,-0.20046363270375878,1038,0.489931583404541,0.6988296812749004,0.0,0.0,29.928089141845703,0.39046036877394635,232.96,,,
306,0.0,1257,199,31674,80216064,2532,0.07210826873779297,0.08006912,0.9732135534286499,1.026380876544863,0.0016297151,6.8133632e-05,0.0003084362801928364,-0.2002513506449759,1042,0.48648208379745483,0.7081033711217184,0.0,0.0,15.481456756591797,0.3965591755319149,159.56,,,
307,0.0,1201,199,31672,80478208,2540,0.0723867416381836,0.07967590399999999,0.9750622510910034,0.9395004040561616,0.001575961,6.737341440000001e-05,0.0002653773835845641,-0.20238936424721032,1046,0.4139550030231476,0.7086574989592007,0.0,0.0,23.213563919067383,0.39662772362385323,197.47,,,
308,0.0,1275,199,31670,80740352,2549,0.0725088119506836,0.079282688,0.9757810235023499,0.9152809190563858,0.0013607845,6.661319680000002e-05,0.00022974363764660666,-0.20252457668539137,1050,0.3575742244720459,0.7088480392156863,0.0,0.0,33.3394775390625,0.39451441271551724,251.57,,,
309,0.0,1214,199,31668,81002496,2557,0.07309627532958984,0.07888947199999999,0.9742836952209473,0.964616721495986,0.0013838777,6.585297920000001e-05,0.00011363433850419824,-0.20212599262595177,1054,0.41316932439804077,0.7019119388385503,0.0,0.0,22.65109634399414,0.4089105561023622,199.94,,,
310,0.0,1280,199,31665,81264640,2566,0.07206535339355469,0.07849625599999999,0.9748015999794006,0.9368886915035546,0.0013604711,6.509276160000002e-05,2.5378981945323176e-05,-0.2038512707222253,1058,0.42781564593315125,0.7048370361328125,0.0,0.0,26.657669067382812,0.3968718998015873,213.37,,,
311,0.0,1285,199,31663,81526784,2574,0.0718069076538086,0.07810304,0.9739382266998291,0.9760792651213706,0.0013654424,6.433254400000003e-05,1.4441953226196347e-05,-0.20596675109118223,1062,0.47804853320121765,0.7041980787937743,0.0,0.0,27.420923233032227,0.4047452577821012,210.1,,,
,,,,,81788928,,0.06999397277832031,0.077709824,0.973914384841919,0.9816018315032125,0.0013867037,6.357232640000004e-05,0.00011612264734139899,-0.2080045590410009,1066,0.45383480191230774,,,,,,,579.8,101.96139526367188,0.0
312,0.0,1283,199,31606,81788928,2587,,,,,,,,,,,0.7039257355806703,0.0,0.0,24.69141387939453,0.3912681977911647,199.63,,,
313,0.0,1253,199,31605,82051072,2596,0.07834720611572266,0.07731660799999998,0.9729116559028625,1.005359030328691,0.0015506864,6.28121088e-05,0.0003165821913171385,-0.2066011264687404,1070,0.45406481623649597,0.703414929169992,0.0,0.0,27.5771484375,0.3941421812749004,213.9,,,
314,0.0,1276,199,31605,82313216,2604,0.06832504272460938,0.076923392,0.9738215804100037,0.9948921822942793,0.0011022245,6.20518912e-05,-2.1386011212598532e-05,-0.20687074377201498,1074,0.44895878434181213,0.7067312402037618,0.0,0.0,27.335264205932617,0.3927660826359833,215.78,,,
315,0.0,1236,199,31605,82575360,2612,0.06505584716796875,0.07653017599999999,0.9737400412559509,0.9974266807548702,0.0013770617,6.129167360000002e-05,-6.854290677438257e-05,-0.20716219872701913,1078,0.5010258555412292,0.7080236144822006,0.0,0.0,25.1796875,0.3986037234042553,211.35,,,
316,0.0,1282,199,31604,82837504,2621,0.06990242004394531,0.07613695999999999,0.9738311767578125,0.9827727857045829,0.0013754633,6.053145600000003e-05,0.0001924453558785899,-0.2083378122188151,1082,0.4428215026855469,0.6991547630655226,0.0,0.0,27.231830596923828,0.38902764869888473,209.21,,,
317,0.0,1306,199,31601,83099648,2629,0.07720375061035156,0.075743744,0.9704996943473816,1.088673324789852,0.0013205117,5.977123840000004e-05,6.409095158232958e-05,-0.20977750793099403,1086,0.5085821747779846,0.7073094132848392,0.0,0.0,23.9671573638916,0.40211215415019763,193.88,,,
318,0.0,1298,199,31597,83361792,2638,0.06859970092773438,0.07535052799999999,0.9736267328262329,0.9763048449531198,0.0012154332,5.9011020799999995e-05,-4.836383914152975e-05,-0.21074438223149627,1090,0.4536304175853729,0.7068175799306625,0.0,0.0,21.0000057220459,0.401109375,181.03,,,
319,0.0,1289,199,31593,83623936,2646,0.06973552703857422,0.074957312,0.9735636115074158,0.9869554033502936,0.0012101675,5.8250803200000006e-05,8.55535708979005e-05,-0.20947183738462627,1094,0.42883893847465515,0.7033734968968193,0.0,0.0,26.602371215820312,0.39673322876447875,208.67,,,
,,,,,83886080,,0.06650447845458984,0.074564096,0.9716107845306396,1.0585686098784208,0.001173495,5.749058560000002e-05,-0.00021506693065020954,-0.20997133455239236,1098,0.5263304114341736,,,,,,,592.65,104.0285415649414,0.0
320,0.0,1312,199,31530,83886080,2660,,,,,,,,,,,0.707224776105183,0.0,0.0,24.980974197387695,0.393765625,190.07,,,
321,0.0,1285,199,31526,84148224,2669,0.0708761215209961,0.07417088,0.9713901877403259,1.0643501803278923,0.0010980002,5.673036800000003e-05,2.4508640308340546e-06,-0.21398662438150495,1102,0.40061232447624207,0.7004499027237354,0.0,0.0,32.250572204589844,0.40469898897058826,230.48,,,
322,0.0,1259,199,31522,84410368,2677,0.0698699951171875,0.07377766399999999,0.9722020626068115,1.0519776451401412,0.0011695116,5.597015040000001e-05,4.7485734739893815e-05,-0.21260717592667788,1106,0.498159795999527,0.7069909154090548,0.0,0.0,24.998003005981445,0.4015593624497992,203.04,,,
323,0.0,1289,199,31520,84672512,2686,0.06893730163574219,0.07338444799999999,0.9730915427207947,1.0181999602355063,0.0011404516,5.520993280000002e-05,-7.678135625610594e-05,-0.21221991267520934,1110,0.4414054751396179,0.7138982496121024,0.0,0.0,20.286035537719727,0.4048090277777778,174.99,,,
324,0.0,1266,199,31518,84934656,2694,0.07445240020751953,0.07299123199999999,0.9738190174102783,0.997244453523308,0.0015834342,5.4449715200000006e-05,0.00040325539748664596,-0.21521438437048346,1114,0.43185120820999146,0.7044579383886256,0.0,0.0,22.686847686767578,0.39865196078431375,184.18,,,
325,0.0,1290,199,31515,85196800,2703,0.06640148162841797,0.07259801599999999,0.9717592000961304,1.074919048231095,0.00091929606,5.3689497600000044e-05,-0.0002546950881878729,-0.21616046910639852,1118,0.46426138281822205,0.7025648013565892,0.0,0.0,26.967506408691406,0.3983053336466165,203.54,,,
326,0.0,1273,199,31511,85458944,2711,0.06616592407226562,0.07220480000000001,0.9707995057106018,1.0961761781945825,0.0009952892,5.292928000000003e-05,-0.0001924696648529789,-0.21608860848937184,1122,0.5206015110015869,0.7024499214454045,0.0,0.0,23.324636459350586,0.3945462164750958,186.4,,,
327,0.0,1315,199,31507,85721088,2720,0.0689535140991211,0.07181158399999998,0.9701206684112549,1.1320608197711408,0.0010275908,5.216906240000001e-05,-0.00010575936084933346,-0.220163514604792,1126,0.536543071269989,0.7104830085551331,0.0,0.0,20.676918029785156,0.4048796622983871,164.11,,,
,,,,,85983232,,0.07026004791259766,0.07141836799999998,0.9724520444869995,1.041998740285635,0.0010917019,5.1408844799999995e-05,2.5059022846107837e-05,-0.21888149238657206,1130,0.5019586682319641,,,,,,,564.0,100.21720886230469,0.0
328,0.0,1318,199,31455,85983232,2733,,,,,,,,,,,0.6979591473823976,0.0,0.0,25.795307159423828,0.399526350174216,195.73,,,
329,0.0,1268,199,31453,86245376,2741,0.0736541748046875,0.07102515200000001,0.9692080020904541,1.1562727224081755,0.0013428312,5.064862720000003e-05,0.00012856106241088128,-0.2192717967554927,1134,0.5614060163497925,0.6999427001182965,0.0,0.0,29.31783676147461,0.39950810185185187,213.2,,,
330,0.0,1343,199,31453,86507520,2750,0.06587886810302734,0.070631936,0.9704145193099976,1.1237238007597625,0.0010617736,4.9888409600000016e-05,-0.00026195607279078104,-0.21888654225040227,1138,0.49125367403030396,0.7026567153760238,0.0,0.0,25.499366760253906,0.4002118177816901,191.67,,,
331,0.0,1301,199,31452,86769664,2758,0.06803131103515625,0.07023871999999998,0.9696888327598572,1.1250882591120899,0.00095986965,4.9128192e-05,-0.00014590771479561226,-0.21846138022374362,1142,0.5721811056137085,0.7048124039200615,0.0,0.0,28.63193130493164,0.40479068396226414,209.12,,,
332,0.0,1333,199,31449,87031808,2767,0.06952476501464844,0.069845504,0.9706174731254578,1.0885533061809838,0.0010171684,4.836797440000004e-05,-5.1124205128871836e-05,-0.21864560153335333,1146,0.5420534610748291,0.7116202878844711,0.0,0.0,23.98181915283203,0.3982327368951613,189.19,,,
333,0.0,1382,199,31447,87293952,2775,0.06909847259521484,0.069452288,0.9720359444618225,1.0516505083069205,0.0009885107,4.760775680000002e-05,-2.7506343030836433e-05,-0.22236304078251123,1150,0.45833665132522583,0.7026162264833574,0.0,0.0,30.668699264526367,0.40324935121107264,212.35,,,
334,0.0,1352,199,31445,87556096,2784,0.07157707214355469,0.069059072,0.9693020582199097,1.1525507573969662,0.0010778678,4.6847539200000005e-05,7.266542615980143e-05,-0.2214554784586653,1154,0.5815708637237549,0.7047285271819527,0.0,0.0,26.428136825561523,0.3952062270220588,192.91,,,
335,0.0,1365,199,31443,87818240,2792,0.06566238403320312,0.06866585599999997,0.9696053266525269,1.1260609622113407,0.000895889,4.608732159999999e-05,-0.00020921582290611695,-0.22163220518268645,1158,0.5326774716377258,0.7009729853479854,0.0,0.0,23.275541305541992,0.3994241998269896,175.5,,,
,,,,,88080384,,0.07232284545898438,0.06827264,0.9692344069480896,1.1561317457817495,0.0009423136,4.5327104000000026e-05,3.0199029879440786e-05,-0.22011623496655375,1162,0.5435172319412231,,,,,,,570.29,100.73089599609375,0.0
336,0.0,1367,199,31392,88080384,2805,,,,,,,,,,,0.7131978099853694,0.0,0.0,22.27657699584961,0.4007781498015873,174.46,,,
337,0.0,1352,199,31393,88342528,2814,0.06560707092285156,0.067879424,0.9714681506156921,1.0848912987858057,0.00085559976,4.456688640000001e-05,-0.00023767124594087363,-0.22231822705361992,1166,0.47370973229408264,0.7051792483357988,0.0,0.0,30.121034622192383,0.3935619212962963,210.0,,,
338,0.0,1377,199,31393,88604672,2822,0.06814193725585938,0.06748620799999999,0.9677339792251587,1.2221042700111866,0.0008756825,4.380666880000005e-05,-7.290912981261499e-05,-0.22266362991649657,1170,0.6449326872825623,0.7086085012708787,0.0,0.0,29.464113235473633,0.40207188644688646,206.92,,,
339,0.0,1325,199,31390,88866816,2831,0.06536293029785156,0.06709299199999999,0.9697237610816956,1.1499504945240915,0.0008170491,4.304645120000003e-05,-0.00019200214137526928,-0.22313323512207717,1174,0.468214213848114,0.7014033018867925,0.0,0.0,26.939558029174805,0.4077354753521127,201.48,,,
340,0.0,1353,199,31388,89128960,2839,0.06756210327148438,0.06669977599999999,0.9702698588371277,1.1340315351262689,0.0007731718,4.2286233600000015e-05,-5.013067266190774e-05,-0.22328151937108487,1178,0.4773426651954651,0.7171072385439764,0.0,0.0,22.56463623046875,0.39476799242424243,176.39,,,
341,0.0,1343,199,31388,89391104,2847,0.06778812408447266,0.06630655999999999,0.9710906744003296,1.0969267399050295,0.0008954471,4.1526016e-05,-0.00011498139519972028,-0.2244988044258207,1182,0.5307462215423584,0.7106437313849591,0.0,0.0,21.006568908691406,0.39215625,154.46,,,
342,0.0,1321,199,31384,89653248,2856,0.06171131134033203,0.06591334399999998,0.9697275757789612,1.127959381788969,0.0007219484,4.076579840000004e-05,-0.0003522180745676451,-0.22356534050777555,1186,0.5441382527351379,0.702681443981832,0.0,0.0,23.602859497070312,0.3929774628252788,178.16,,,
343,0.0,1295,199,31385,89915392,2864,0.062160491943359375,0.06552012799999998,0.9676495790481567,1.2002290096133947,0.00077899545,4.000558080000002e-05,-0.0002487240390109946,-0.2246945162769407,1190,0.6198416352272034,0.7039786438223938,0.0,0.0,32.868492126464844,0.39716467696629215,222.55,,,
,,,,,90177536,,0.06733131408691406,0.06512691199999998,0.9681541323661804,1.186791431158781,0.0009142595,3.9245363200000004e-05,4.958961108059157e-05,-0.22319918253924698,1194,0.5553414821624756,,,,,,,562.14,99.90906524658203,0.0
344,0.0,1330,199,31335,90177536,2877,,,,,,,,,,,0.7007401315789473,0.0,0.0,32.076969146728516,0.4030980603448276,224.08,,,
345,0.0,1351,199,31334,90439680,2886,0.06346416473388672,0.06473369599999998,0.9683808088302612,1.1772858458571136,0.0006304011,3.848514559999999e-05,-0.00017265079759454238,-0.22448165260720998,1198,0.5453813672065735,0.7147801397113249,0.0,0.0,24.019519805908203,0.40266525205761317,181.5,,,
346,0.0,1314,199,31334,90701824,2894,0.057708740234375,0.06434047999999998,0.9707643985748291,1.0906463540159166,0.0006365331,3.7724928000000026e-05,-0.0004550446424218535,-0.2259986080462113,1202,0.4947052597999573,0.7047719273211568,0.0,0.0,28.804201126098633,0.41446563612099646,206.84,,,
347,0.0,1346,199,31332,90963968,2903,0.06133842468261719,0.063947264,0.9711027145385742,1.095671291463077,0.00072899216,3.696471040000001e-05,-0.0002264696854581416,-0.2251698278123513,1206,0.54012531042099,0.6948568675705795,0.0,0.0,26.622934341430664,0.396578577170418,188.11,,,
348,0.0,1322,199,31330,91226112,2911,0.05906105041503906,0.063554048,0.9658553004264832,1.2702623791992664,0.0005735144,3.620449280000005e-05,-0.00043459239623189205,-0.22357819008175284,1210,0.5742450952529907,0.6989203148638427,0.0,0.0,29.729291915893555,0.39696420847750863,201.76,,,
349,0.0,1336,199,31328,91488256,2920,0.060321807861328125,0.06316083199999997,0.9657114744186401,1.2688767248764634,0.0006780374,3.544427520000003e-05,-0.00022884454165250645,-0.22578224260360003,1214,0.6158946752548218,0.7089317458832335,0.0,0.0,25.529783248901367,0.40180039943609025,181.25,,,
350,0.0,1361,199,31325,91750400,2928,0.05707263946533203,0.062767616,0.9685872197151184,1.1661730357445776,0.000627703,3.4684057600000014e-05,-0.00034639966315808124,-0.22455074137542397,1218,0.5518880486488342,0.7049245729243203,0.0,0.0,28.05182647705078,0.4031748670212766,199.22,,,
351,0.0,1341,199,31323,92012544,2937,0.06207275390625,0.062374399999999997,0.9678084850311279,1.2004522373899817,0.00074170425,3.392384000000005e-05,-0.00015158129872361314,-0.22484104766044766,1222,0.5909264087677002,0.7022569444444444,0.0,0.0,28.35930824279785,0.3897647788808664,201.74,,,
,,,,,92274688,,0.06100749969482422,0.061981183999999995,0.9655947685241699,1.2875000340864062,0.000609632,3.3163622400000036e-05,-0.00033530900873302016,-0.22572184866294265,1226,0.5669882893562317,,,,,,,563.9,100.31730651855469,0.0
352,0.0,1342,199,31274,92274688,2950,,,,,,,,,,,0.7078549972056631,0.0,0.0,25.112951278686523,0.4079508763837638,178.09,,,
353,0.0,1308,199,31271,92536832,2959,0.059920310974121094,0.06158796799999999,0.9690892696380615,1.1537820305675268,0.0006938962,3.240340480000002e-05,-0.0001118519567171461,-0.22343721974175423,1230,0.5318266153335571,0.7085901662844036,0.0,0.0,25.467233657836914,0.4013260296934866,183.8,,,
354,0.0,1379,199,31269,92798976,2967,0.05222129821777344,0.06119475199999999,0.968026876449585,1.1794651560485363,0.00046271802,3.16431872e-05,-0.00027663206219585845,-0.22490029828622937,1234,0.5695496797561646,0.7060313179840464,0.0,0.0,29.78543472290039,0.40401785714285715,205.61,,,
355,0.0,1350,199,31267,93061120,2976,0.052496910095214844,0.06080153599999999,0.9667255282402039,1.2119375513866544,0.0005494992,3.088296960000004e-05,-0.0003733069243025966,-0.22541955253109336,1238,0.5768644213676453,0.6995543981481481,0.0,0.0,32.404747009277344,0.39710911195286197,206.31,,,
356,0.0,1370,199,31265,93323264,2984,0.05452728271484375,0.06040831999999999,0.9650933146476746,1.2755719227716327,0.0004719199,3.0122752000000025e-05,-0.00043743763217207743,-0.2237803387688473,1242,0.5177872180938721,0.706153056569343,0.0,0.0,28.578561782836914,0.3953573028673835,192.48,,,
357,0.0,1420,199,31264,93585408,2993,0.05678272247314453,0.060015103999999986,0.9657518267631531,1.248992602340877,0.0005563401,2.9362534400000063e-05,-0.00030588252002416993,-0.22402669256553054,1246,0.5789350271224976,0.7097738776408451,0.0,0.0,28.284032821655273,0.4020240213523132,197.01,,,
358,0.0,1394,199,31258,93847552,3002,0.06069660186767578,0.059621887999999984,0.9664300084114075,1.2355203768238425,0.00053683715,2.8602316799999992e-05,-0.0001784944061000715,-0.22458898241166025,1250,0.5544576048851013,0.7076253138450502,0.0,0.0,32.4245491027832,0.39804826512455516,216.5,,,
359,0.0,1423,199,31254,94109696,3011,0.053185462951660156,0.05922867199999998,0.9650989174842834,1.2822215743362904,0.0005861135,2.784209920000003e-05,-0.000318829258048936,-0.22390944906510413,1254,0.6412686705589294,0.7140339511595222,0.0,0.0,23.089693069458008,0.4008107311320755,171.33,,,
,,,,,94371840,,0.054999351501464844,0.05883545599999998,0.9676950573921204,1.2046931656077504,0.0005283967,2.7081881600000014e-05,-0.0003653118246802478,-0.22443591442424804,1258,0.5814623832702637,,,,,,,568.67,100.81254577636719,0.0
360,0.0,1358,199,31211,94371840,3023,,,,,,,,,,,0.7157987389543446,0.0,0.0,23.846529006958008,0.4032308266932271,174.5,,,
361,0.0,1435,199,31208,94633984,3032,0.05306529998779297,0.058442240000000006,0.9681606292724609,1.1860312256030738,0.00044906719,2.632166400000005e-05,-0.00028819444924010895,-0.224972567637451,1262,0.5460495352745056,0.7046657229965156,0.0,0.0,25.600147247314453,0.40905094453376206,180.89,,,
362,0.0,1421,199,31204,94896128,3041,0.05384254455566406,0.05804902399999998,0.9658562541007996,1.2674313504248857,0.00048133847,2.5561446400000035e-05,-0.0003192738045072474,-0.22543925663921982,1266,0.5504866242408752,0.7102887491203378,0.0,0.0,30.94678497314453,0.40234375,204.25,,,
363,0.0,1433,199,31203,95158272,3049,0.05093955993652344,0.057655807999999975,0.9660794138908386,1.2695201532915235,0.00040013384,2.480122880000002e-05,-0.0004071060002388549,-0.2241415538592264,1270,0.5418081283569336,0.7132190989183531,0.0,0.0,21.718372344970703,0.40011574074074074,152.66,,,
364,0.0,1346,199,31202,95420416,3058,0.04761981964111328,0.057262592,0.9665930867195129,1.2443109825253487,0.00035538536,2.4041011200000002e-05,-0.0003911984767910326,-0.2252788811456412,1274,0.5417909622192383,0.7155170412332839,0.0,0.0,28.066396713256836,0.40324155745967744,194.64,,,
365,0.0,1363,199,31201,95682560,3066,0.04732704162597656,0.056869376,0.9677902460098267,1.1903618574142456,0.00046720906,2.328079360000004e-05,-0.00041672284714877605,-0.22563716454897076,1278,0.5064593553543091,0.7185436537050623,0.0,0.0,24.71976089477539,0.40573559670781895,171.27,,,
366,0.0,1394,199,31199,95944704,3075,0.048867225646972656,0.05647615999999997,0.9683750867843628,1.165162024088204,0.00037490588,2.2520576000000024e-05,-0.00038848611711728154,-0.22391252452507615,1282,0.5340447425842285,0.7068491077833573,0.0,0.0,26.91983413696289,0.40344448024054985,181.19,,,
367,0.0,1443,199,31198,96206848,3083,0.050467491149902344,0.056082943999999996,0.9639382362365723,1.3205704260617495,0.00042915653,2.1760358400000008e-05,-0.00034665454768401105,-0.22283673798665404,1286,0.6602466106414795,0.7039533523908524,0.0,0.0,28.608238220214844,0.40321735223642174,192.78,,,
,,,,,96468992,,0.04921531677246094,0.055689727999999994,0.9639981389045715,1.3272313177585602,0.0003885975,2.1000140800000045e-05,-0.00025423363058507675,-0.22729356493800879,1290,0.6857788562774658,,,,,,,554.73,97.93646240234375,0.0
368,0.0,1427,199,31155,96468992,3096,,,,,,,,,,,0.7154952478976875,0.0,0.0,25.045211791992188,0.4006549577067669,175.82,,,
369,0.0,1402,199,31154,96731136,3104,0.04717063903808594,0.05529651199999999,0.9666404128074646,1.2314728200435638,0.000339937,2.023992320000003e-05,-0.00039382217937600217,-0.2246467077638954,1294,0.6148077845573425,0.7061814595221113,0.0,0.0,21.131858825683594,0.3929227941176471,149.17,,,
370,0.0,1446,199,31155,96993280,3113,0.04294300079345703,0.05490329599999999,0.963331401348114,1.3640504274517298,0.0003214645,1.9479705600000013e-05,-0.00045782322513332474,-0.22638369747437537,1298,0.6285355687141418,0.7181502852697096,0.0,0.0,20.988393783569336,0.4045040246212121,152.63,,,
371,0.0,1429,199,31155,97255424,3121,0.044211387634277344,0.05451007999999999,0.966206967830658,1.2561654523015022,0.00031902076,1.8719487999999996e-05,-0.00034257636298207217,-0.22475881082937121,1302,0.5491692423820496,0.7040790106717985,0.0,0.0,37.44954299926758,0.4016231796116505,241.52,,,
372,0.0,1438,199,31156,97517568,3129,0.04155921936035156,0.05411686399999999,0.9634382128715515,1.3554735546931624,0.00026204463,1.7959270400000034e-05,-0.00046014519102755,-0.22357280820142478,1306,0.6166872978210449,0.7148030033031989,0.0,0.0,24.904062271118164,0.4037942325367647,176.96,,,
373,0.0,1423,199,31155,97779712,3138,0.04173755645751953,0.053723647999999985,0.9660636782646179,1.2830332145094872,0.0002908387,1.7199052800000018e-05,-0.0003795173934122431,-0.22501473501324654,1310,0.6237326264381409,0.713097878601546,0.0,0.0,23.962902069091797,0.3978125,168.13,,,
374,0.0,1502,199,31154,98041856,3146,0.03916168212890625,0.05333043199999998,0.9647160172462463,1.3288831021636724,0.0003299698,1.6438835200000056e-05,-0.0004542767355815158,-0.22588256688322872,1314,0.6879319548606873,0.7190152713049268,0.0,0.0,22.759668350219727,0.40173479087452474,161.36,,,
375,0.0,1394,199,31153,98304000,3155,0.03608989715576172,0.05293721599999998,0.9661581516265869,1.296042495407164,0.00025585416,1.5678617599999985e-05,-0.0004497303916650708,-0.22797202633228153,1318,0.6769409775733948,0.7056749910329986,0.0,0.0,33.68401336669922,0.3972284226190476,217.04,,,
,,,,,98566144,,0.037301063537597656,0.05254399999999998,0.9647140502929688,1.3166427966207266,0.00026449683,1.4918400000000023e-05,-0.00046088000908639515,-0.22573685052338988,1322,0.5882501006126404,,,,,,,582.97,103.34821319580078,0.0
376,0.0,1416,199,31105,98566144,3168,,,,,,,,,,,0.7208548508121468,0.0,0.0,22.890544891357422,0.39861432613168724,160.48,,,
377,0.0,1443,199,31105,98828288,3177,0.03656196594238281,0.05215078399999998,0.9665349721908569,1.2536758435890079,0.00025575567,1.4158182400000007e-05,-0.00044055193166059325,-0.22646724723745137,1326,0.6068449020385742,0.7192453872141372,0.0,0.0,31.173873901367188,0.4076622596153846,207.17,,,
378,0.0,1413,199,31102,99090432,3185,0.03433990478515625,0.051757568000000004,0.9665877223014832,1.2439974332228303,0.00023031372,1.3397964800000045e-05,-0.0004515963128142175,-0.22642437950707972,1330,0.5489646792411804,0.7057319311748054,0.0,0.0,33.28693389892578,0.3976089015151515,214.12,,,
379,0.0,1407,199,31100,99352576,3194,0.03250694274902344,0.051364352,0.962587296962738,1.3919987799599767,0.00022144782,1.2637747200000028e-05,-0.0004530896540018148,-0.22585270111449063,1334,0.6818817257881165,0.712997512437811,0.0,0.0,28.691186904907227,0.400383417896679,189.84,,,
380,0.0,1416,199,31100,99614720,3203,0.0334014892578125,0.05097113599999997,0.9657791256904602,1.2818846590816975,0.00018869294,1.1877529600000012e-05,-0.00040257303135149414,-0.2248370978049934,1338,0.5573720335960388,0.7067305570268362,0.0,0.0,31.074989318847656,0.3974708686440678,206.05,,,
381,0.0,1400,199,31098,99876864,3211,0.031391143798828125,0.05057792,0.9633603692054749,1.3586853323504329,0.00018342539,1.111731200000005e-05,-0.000478623033814074,-0.22531126684043556,1342,0.669981837272644,0.7143777901785714,0.0,0.0,32.13105392456055,0.40530611059479554,210.0,,,
382,0.0,1443,199,31096,100139008,3220,0.028916358947753906,0.050184704,0.9649972915649414,1.303739887662232,0.00016617923,1.0357094400000033e-05,-0.0004518894138527685,-0.22523670573718846,1346,0.5756824612617493,0.7078433601871101,0.0,0.0,32.58051300048828,0.39954797240802675,210.54,,,
